,date,0_1,2_4,5_11,12_18,19_49,50_64,65+,65_diff,50_64_diff,19_49_diff,12_18_diff,5_11_diff
0,10/03/2022,58.447488584474875,0,0,0,0,0,0,0.0,0.0,0,0,0
1,10/04/2022,58.447488584474875,0,0,0,0,0,0,0.0,0.0,0,0,0
2,10/05/2022,58.447488584474875,0,0,0,0,0,0,0.0,0.0,0,0,0
3,10/06/2022,58.447488584474875,0,0,0,0,0,0,0.0,0.0,0,0,0
4,10/07/2022,58.447488584474875,0,0,0,0,0,0,0.0,0.0,0,0,0
5,10/08/2022,58.447488584474875,0,0,0,0,0,0,0.0,0.0,0,0,0
6,10/09/2022,58.447488584474875,0,0,0,0,0,0,0.0,0.0,0,0,0
7,10/10/2022,58.447488584474875,0,0,0,0,0,0,0.0,0.0,0,0,0
8,10/11/2022,58.447488584474875,0,0,0,0,0,0,0.0,0.0,0,0,0
9,10/12/2022,58.447488584474875,0,0,0,0,0,0,0.0,0.0,0,0,0
10,10/13/2022,58.447488584474875,0,0,0,0,0,0,0.0,0.0,0,0,0
11,10/14/2022,58.447488584474875,0,0,0,0,0,0,0.0,0.0,0,0,0
12,10/15/2022,58.447488584474875,0,0,0,0,0,0,0.0,0.0,0,0,0
13,10/16/2022,58.447488584474875,0,0,0,0,0,0,0.0,0.0,0,0,0
14,10/17/2022,58.447488584474875,0,0,0,0,0,0,0.0,0.0,0,0,0
15,10/18/2022,58.447488584474875,0,0,0,0,0,0,0.0,0.0,0,0,0
16,10/19/2022,58.447488584474875,0,0,0,0,0,0,0.0,0.0,0,0,0
17,10/20/2022,58.447488584474875,0,0,0,0,0,0,0.0,0.0,0,0,0
18,10/21/2022,58.447488584474875,0,0,0,0,0,0,0.0,0.0,0,0,0
19,10/22/2022,58.447488584474875,0,0,0,0,0,0,0.0,0.0,0,0,0
20,10/23/2022,58.447488584474875,0,0,0,0,0,0,0.0,0.0,0,0,0
21,10/24/2022,58.447488584474875,0,0,0,0,0,0,0.0,0.0,0,0,0
22,10/25/2022,58.447488584474875,0,0,0,0,0,0,0.0,0.0,0,0,0
23,10/26/2022,58.447488584474875,0,0,0,0,0,0,0.0,0.0,0,0,0
24,10/27/2022,58.447488584474875,0,0,0,0,0,0,0.0,0.0,0,0,0
25,10/28/2022,58.447488584474875,0,0,0,0,0,0,0.0,0.0,0,0,0
26,10/29/2022,58.447488584474875,0,0,0,0,0,0,0.0,0.0,0,0,0
27,10/30/2022,58.447488584474875,0,0,0,0,0,0,0.0,0.0,0,0,0
28,10/31/2022,58.447488584474875,0,0,0,0,0,0,0.0,0.0,0,0,0
29,11/01/2022,58.447488584474875,0,0,0,0,0,0,0.0,0.0,0,0,0
30,11/02/2022,58.447488584474875,0,0,0,0,0,0,0.0,0.0,0,0,0
31,11/03/2022,58.447488584474875,0,0,0,0,0,0,0.0,0.0,0,0,0
32,11/04/2022,58.447488584474875,0,0,0,0,0,0,0.0,0.0,0,0,0
33,11/05/2022,58.447488584474875,0,0,0,0,0,0,0.0,0.0,0,0,0
34,11/06/2022,58.447488584474875,0,0,0,0,0,0,0.0,0.0,0,0,0
35,11/07/2022,58.447488584474875,0,0,0,0,0,0,0.0,0.0,0,0,0
36,11/08/2022,58.447488584474875,0,0,0,0,0,0,0.0,0.0,0,0,0
37,11/09/2022,58.447488584474875,0,0,0,0,0,0,0.0,0.0,0,0,0
38,11/10/2022,58.447488584474875,0,0,0,0,0,0,0.0,0.0,0,0,0
39,11/11/2022,58.447488584474875,0,0,0,0,0,0,0.0,0.0,0,0,0
40,11/12/2022,58.447488584474875,0,0,0,0,0,0,0.0,0.0,0,0,0
41,11/13/2022,58.447488584474875,0,0,0,0,0,0,0.0,0.0,0,0,0
42,11/14/2022,58.447488584474875,0,0,0,0,0,0,0.0,0.0,0,0,0
43,11/15/2022,58.447488584474875,0,0,0,0,0,0,0.0,0.0,0,0,0
44,11/16/2022,58.447488584474875,0,0,0,0,0,0,0.0,0.0,0,0,0
45,11/17/2022,58.447488584474875,0,0,0,0,0,0,0.0,0.0,0,0,0
46,11/18/2022,58.447488584474875,0,0,0,0,0,0,0.0,0.0,0,0,0
47,11/19/2022,58.447488584474875,0,0,0,0,0,0,0.0,0.0,0,0,0
48,11/20/2022,58.447488584474875,0,0,0,0,0,0,0.0,0.0,0,0,0
49,11/21/2022,58.447488584474875,0,0,0,0,0,0,0.0,0.0,0,0,0
50,11/22/2022,58.447488584474875,0,0,0,0,0,0,0.0,0.0,0,0,0
51,11/23/2022,58.447488584474875,0,0,0,0,0,0,0.0,0.0,0,0,0
52,11/24/2022,58.447488584474875,0,0,0,0,0,0,0.0,0.0,0,0,0
53,11/25/2022,58.447488584474875,0,0,0,0,0,0,0.0,0.0,0,0,0
54,11/26/2022,58.447488584474875,0,0,0,0,0,0,0.0,0.0,0,0,0
55,11/27/2022,58.447488584474875,0,0,0,0,0,0,0.0,0.0,0,0,0
56,11/28/2022,58.447488584474875,0,0,0,0,0,0,0.0,0.0,0,0,0
57,11/29/2022,58.447488584474875,0,0,0,0,0,0,0.0,0.0,0,0,0
58,11/30/2022,58.447488584474875,0,0,0,0,0,0,0.0,0.0,0,0,0
59,12/01/2022,58.447488584474875,0,0,0,0,0,0,0.0,0.0,0,0,0
60,12/02/2022,58.447488584474875,0,0,0,0,0,0,0.0,0.0,0,0,0
61,12/03/2022,58.447488584474875,0,0,0,0,0,0,0.0,0.0,0,0,0
62,12/04/2022,58.447488584474875,0,0,0,0,0,0,0.0,0.0,0,0,0
63,12/05/2022,58.447488584474875,0,0,0,0,0,0,0.0,0.0,0,0,0
64,12/06/2022,58.447488584474875,0,0,0,0,0,0,0.0,0.0,0,0,0
65,12/07/2022,58.447488584474875,0,0,0,0,0,0,0.0,0.0,0,0,0
66,12/08/2022,58.447488584474875,0,0,0,0,0,0,0.0,0.0,0,0,0
67,12/09/2022,58.447488584474875,0,0,0,0,0,0,0.0,0.0,0,0,0
68,12/10/2022,58.447488584474875,0,0,0,0,0,0,0.0,0.0,0,0,0
69,12/11/2022,58.447488584474875,0,0,0,0,0,0,0.0,0.0,0,0,0
70,12/12/2022,58.447488584474875,0,0,0,0,0,0,0.0,0.0,0,0,0
71,12/13/2022,58.447488584474875,0,0,0,0,0,0,0.0,0.0,0,0,0
72,12/14/2022,58.447488584474875,0,0,0,0,0,0,0.0,0.0,0,0,0
73,12/15/2022,58.447488584474875,0,0,0,0,0,0,0.0,0.0,0,0,0
74,12/16/2022,58.447488584474875,0,0,0,0,0,0,0.0,0.0,0,0,0
75,12/17/2022,58.447488584474875,0,0,0,0,0,0,0.0,0.0,0,0,0
76,12/18/2022,58.447488584474875,0,0,0,0,0,0,0.0,0.0,0,0,0
77,12/19/2022,58.447488584474875,0,0,0,0,0,0,0.0,0.0,0,0,0
78,12/20/2022,58.447488584474875,0,0,0,0,0,0,0.0,0.0,0,0,0
79,12/21/2022,58.447488584474875,0,0,0,0,0,0,0.0,0.0,0,0,0
80,12/22/2022,58.447488584474875,0,0,0,0,0,0,0.0,0.0,0,0,0
81,12/23/2022,58.447488584474875,0,0,0,0,0,0,0.0,0.0,0,0,0
82,12/24/2022,58.447488584474875,0,0,0,0,0,0,0.0,0.0,0,0,0
83,12/25/2022,58.447488584474875,0,0,0,0,0,0,0.0,0.0,0,0,0
84,12/26/2022,58.447488584474875,0,0,0,0,0,0,0.0,0.0,0,0,0
85,12/27/2022,58.447488584474875,0,0,0,0,0,0,0.0,0.0,0,0,0
86,12/28/2022,58.447488584474875,0,0,0,0,0,0,0.0,0.0,0,0,0
87,12/29/2022,58.447488584474875,0,0,0,0,0,0,0.0,0.0,0,0,0
88,12/30/2022,58.447488584474875,0,0,0,0,0,0,0.0,0.0,0,0,0
89,12/31/2022,58.447488584474875,0,0,0,0,0,0,0.0,0.0,0,0,0
90,01/01/2023,58.447488584474875,0,0,0,0,0,0,0.0,0.0,0,0,0
91,01/02/2023,58.447488584474875,0,0,0,0,0,0,0.0,0.0,0,0,0
92,01/03/2023,58.447488584474875,0,0,0,0,0,0,0.0,0.0,0,0,0
93,01/04/2023,58.447488584474875,0,0,0,0,0,0,0.0,0.0,0,0,0
94,01/05/2023,58.447488584474875,0,0,0,0,0,0,0.0,0.0,0,0,0
95,01/06/2023,58.447488584474875,0,0,0,0,0,0,0.0,0.0,0,0,0
96,01/07/2023,58.447488584474875,0,0,0,0,0,0,0.0,0.0,0,0,0
97,01/08/2023,58.447488584474875,0,0,0,0,0,0,0.0,0.0,0,0,0
98,01/09/2023,58.447488584474875,0,0,0,0,0,0,0.0,0.0,0,0,0
99,01/10/2023,58.447488584474875,0,0,0,0,0,0,0.0,0.0,0,0,0
100,01/11/2023,58.447488584474875,0,0,0,0,0,0,0.0,0.0,0,0,0
101,01/12/2023,58.447488584474875,0,0,0,0,0,0,0.0,0.0,0,0,0
102,01/13/2023,58.447488584474875,0,0,0,0,0,0,0.0,0.0,0,0,0
103,01/14/2023,58.447488584474875,0,0,0,0,0,0,0.0,0.0,0,0,0
104,01/15/2023,58.447488584474875,0,0,0,0,0,0,0.0,0.0,0,0,0
105,01/16/2023,58.447488584474875,0,0,0,0,0,0,0.0,0.0,0,0,0
106,01/17/2023,58.447488584474875,0,0,0,0,0,0,0.0,0.0,0,0,0
107,01/18/2023,58.447488584474875,0,0,0,0,0,0,0.0,0.0,0,0,0
108,01/19/2023,58.447488584474875,0,0,0,0,0,0,0.0,0.0,0,0,0
109,01/20/2023,58.447488584474875,0,0,0,0,0,0,0.0,0.0,0,0,0
110,01/21/2023,58.447488584474875,0,0,0,0,0,0,0.0,0.0,0,0,0
111,01/22/2023,58.447488584474875,0,0,0,0,0,0,0.0,0.0,0,0,0
112,01/23/2023,58.447488584474875,0,0,0,0,0,0,0.0,0.0,0,0,0
113,01/24/2023,58.447488584474875,0,0,0,0,0,0,0.0,0.0,0,0,0
114,01/25/2023,58.447488584474875,0,0,0,0,0,0,0.0,0.0,0,0,0
115,01/26/2023,58.447488584474875,0,0,0,0,0,0,0.0,0.0,0,0,0
116,01/27/2023,58.447488584474875,0,0,0,0,0,0,0.0,0.0,0,0,0
117,01/28/2023,58.447488584474875,0,0,0,0,0,0,0.0,0.0,0,0,0
118,01/29/2023,58.447488584474875,0,0,0,0,0,0,0.0,0.0,0,0,0
119,01/30/2023,58.447488584474875,0,0,0,0,0,0,0.0,0.0,0,0,0
120,01/31/2023,58.447488584474875,0,0,0,0,0,0,0.0,0.0,0,0,0
121,02/01/2023,58.447488584474875,0,0,0,0,0,0,0.0,0.0,0,0,0
122,02/02/2023,58.447488584474875,0,0,0,0,0,0,0.0,0.0,0,0,0
123,02/03/2023,58.447488584474875,0,0,0,0,0,0,0.0,0.0,0,0,0
124,02/04/2023,58.447488584474875,0,0,0,0,0,0,0.0,0.0,0,0,0
125,02/05/2023,58.447488584474875,0,0,0,0,0,0,0.0,0.0,0,0,0
126,02/06/2023,58.447488584474875,0,0,0,0,0,0,0.0,0.0,0,0,0
127,02/07/2023,58.447488584474875,0,0,0,0,0,0,0.0,0.0,0,0,0
128,02/08/2023,58.447488584474875,0,0,0,0,0,0,0.0,0.0,0,0,0
129,02/09/2023,58.447488584474875,0,0,0,0,0,0,0.0,0.0,0,0,0
130,02/10/2023,58.447488584474875,0,0,0,0,0,0,0.0,0.0,0,0,0
131,02/11/2023,58.447488584474875,0,0,0,0,0,0,0.0,0.0,0,0,0
132,02/12/2023,58.447488584474875,0,0,0,0,0,0,0.0,0.0,0,0,0
133,02/13/2023,58.447488584474875,0,0,0,0,0,0,0.0,0.0,0,0,0
134,02/14/2023,58.447488584474875,0,0,0,0,0,0,0.0,0.0,0,0,0
135,02/15/2023,58.447488584474875,0,0,0,0,0,0,0.0,0.0,0,0,0
136,02/16/2023,58.447488584474875,0,0,0,0,0,0,0.0,0.0,0,0,0
137,02/17/2023,58.447488584474875,0,0,0,0,0,0,0.0,0.0,0,0,0
138,02/18/2023,58.447488584474875,0,0,0,0,0,0,0.0,0.0,0,0,0
139,02/19/2023,58.447488584474875,0,0,0,0,0,0,0.0,0.0,0,0,0
140,02/20/2023,58.447488584474875,0,0,0,0,0,0,0.0,0.0,0,0,0
141,02/21/2023,58.447488584474875,0,0,0,0,0,0,0.0,0.0,0,0,0
142,02/22/2023,58.447488584474875,0,0,0,0,0,0,0.0,0.0,0,0,0
143,02/23/2023,58.447488584474875,0,0,0,0,0,0,0.0,0.0,0,0,0
144,02/24/2023,58.447488584474875,0,0,0,0,0,0,0.0,0.0,0,0,0
145,02/25/2023,58.447488584474875,0,0,0,0,0,0,0.0,0.0,0,0,0
146,02/26/2023,58.447488584474875,0,0,0,0,0,0,0.0,0.0,0,0,0
147,02/27/2023,58.447488584474875,0,0,0,0,0,0,0.0,0.0,0,0,0
148,02/28/2023,58.447488584474875,0,0,0,0,0,0,0.0,0.0,0,0,0
149,03/01/2023,58.447488584474875,0,0,0,0,0,0,0.0,0.0,0,0,0
150,03/02/2023,58.447488584474875,0,0,0,0,0,0,0.0,0.0,0,0,0
151,03/03/2023,58.447488584474875,0,0,0,0,0,0,0.0,0.0,0,0,0
152,03/04/2023,58.447488584474875,0,0,0,0,0,0,0.0,0.0,0,0,0
153,03/05/2023,58.447488584474875,0,0,0,0,0,0,0.0,0.0,0,0,0
154,03/06/2023,58.447488584474875,0,0,0,0,0,0,0.0,0.0,0,0,0
155,03/07/2023,58.447488584474875,0,0,0,0,0,0,0.0,0.0,0,0,0
156,03/08/2023,58.447488584474875,0,0,0,0,0,0,0.0,0.0,0,0,0
157,03/09/2023,58.447488584474875,0,0,0,0,0,0,0.0,0.0,0,0,0
158,03/10/2023,58.447488584474875,0,0,0,0,0,0,0.0,0.0,0,0,0
159,03/11/2023,58.447488584474875,0,0,0,0,0,0,0.0,0.0,0,0,0
160,03/12/2023,58.447488584474875,0,0,0,0,0,0,0.0,0.0,0,0,0
161,03/13/2023,58.447488584474875,0,0,0,0,0,0,0.0,0.0,0,0,0
162,03/14/2023,58.447488584474875,0,0,0,0,0,0,0.0,0.0,0,0,0
163,03/15/2023,58.447488584474875,0,0,0,0,0,0,0.0,0.0,0,0,0
164,03/16/2023,58.447488584474875,0,0,0,0,0,0,0.0,0.0,0,0,0
165,03/17/2023,58.447488584474875,0,0,0,0,0,0,0.0,0.0,0,0,0
166,03/18/2023,58.447488584474875,0,0,0,0,0,0,0.0,0.0,0,0,0
167,03/19/2023,58.447488584474875,0,0,0,0,0,0,0.0,0.0,0,0,0
168,03/20/2023,58.447488584474875,0,0,0,0,0,0,0.0,0.0,0,0,0
169,03/21/2023,58.447488584474875,0,0,0,0,0,0,0.0,0.0,0,0,0
170,03/22/2023,58.447488584474875,0,0,0,0,0,0,0.0,0.0,0,0,0
171,03/23/2023,58.447488584474875,0,0,0,0,0,0,0.0,0.0,0,0,0
172,03/24/2023,58.447488584474875,0,0,0,0,0,0,0.0,0.0,0,0,0
173,03/25/2023,58.447488584474875,0,0,0,0,0,0,0.0,0.0,0,0,0
174,03/26/2023,58.447488584474875,0,0,0,0,0,0,0.0,0.0,0,0,0
175,03/27/2023,58.447488584474875,0,0,0,0,0,0,0.0,0.0,0,0,0
176,03/28/2023,58.447488584474875,0,0,0,0,0,0,0.0,0.0,0,0,0
177,03/29/2023,58.447488584474875,0,0,0,0,0,0,0.0,0.0,0,0,0
178,03/30/2023,58.447488584474875,0,0,0,0,0,0,0.0,0.0,0,0,0
179,03/31/2023,58.447488584474875,0,0,0,0,0,0,0.0,0.0,0,0,0
180,04/01/2023,58.447488584474875,0,0,0,0,0,0,0.0,0.0,0,0,0
181,04/02/2023,58.447488584474875,0,0,0,0,0,0,0.0,0.0,0,0,0
182,04/03/2023,58.447488584474875,0,0,0,0,0,0,0.0,0.0,0,0,0
183,04/04/2023,58.447488584474875,0,0,0,0,0,0,0.0,0.0,0,0,0
184,04/05/2023,58.447488584474875,0,0,0,0,0,0,0.0,0.0,0,0,0
185,04/06/2023,58.447488584474875,0,0,0,0,0,0,0.0,0.0,0,0,0
186,04/07/2023,58.447488584474875,0,0,0,0,0,0,0.0,0.0,0,0,0
187,04/08/2023,58.447488584474875,0,0,0,0,0,0,0.0,0.0,0,0,0
188,04/09/2023,58.447488584474875,0,0,0,0,0,0,0.0,0.0,0,0,0
189,04/10/2023,58.447488584474875,0,0,0,0,0,0,0.0,0.0,0,0,0
190,04/11/2023,58.447488584474875,0,0,0,0,0,0,0.0,0.0,0,0,0
191,04/12/2023,58.447488584474875,0,0,0,0,0,0,0.0,0.0,0,0,0
192,04/13/2023,58.447488584474875,0,0,0,0,0,0,0.0,0.0,0,0,0
193,04/14/2023,58.447488584474875,0,0,0,0,0,0,0.0,0.0,0,0,0
194,04/15/2023,58.447488584474875,0,0,0,0,0,0,0.0,0.0,0,0,0
195,04/16/2023,58.447488584474875,0,0,0,0,0,0,0.0,0.0,0,0,0
196,04/17/2023,58.447488584474875,0,0,0,0,0,0,0.0,0.0,0,0,0
197,04/18/2023,58.447488584474875,0,0,0,0,0,0,0.0,0.0,0,0,0
198,04/19/2023,58.447488584474875,0,0,0,0,0,0,0.0,0.0,0,0,0
199,04/20/2023,58.447488584474875,0,0,0,0,0,0,0.0,0.0,0,0,0
200,04/21/2023,58.447488584474875,0,0,0,0,0,0,0.0,0.0,0,0,0
201,04/22/2023,58.447488584474875,0,0,0,0,0,0,0.0,0.0,0,0,0
202,04/23/2023,58.447488584474875,0,0,0,0,0,0,0.0,0.0,0,0,0
203,04/24/2023,58.447488584474875,0,0,0,0,0,0,0.0,0.0,0,0,0
204,04/25/2023,58.447488584474875,0,0,0,0,0,0,0.0,0.0,0,0,0
205,04/26/2023,58.447488584474875,0,0,0,0,0,0,0.0,0.0,0,0,0
206,04/27/2023,58.447488584474875,0,0,0,0,0,0,0.0,0.0,0,0,0
207,04/28/2023,58.447488584474875,0,0,0,0,0,0,0.0,0.0,0,0,0
208,04/29/2023,58.447488584474875,0,0,0,0,0,0,0.0,0.0,0,0,0
209,04/30/2023,58.447488584474875,0,0,0,0,0,0,0.0,0.0,0,0,0
210,05/01/2023,58.447488584474875,0,0,0,0,0,0,0.0,0.0,0,0,0
211,05/02/2023,58.447488584474875,0,0,0,0,0,0,0.0,0.0,0,0,0
212,05/03/2023,58.447488584474875,0,0,0,0,0,0,0.0,0.0,0,0,0
213,05/04/2023,58.447488584474875,0,0,0,0,0,0,0.0,0.0,0,0,0
214,05/05/2023,58.447488584474875,0,0,0,0,0,0,0.0,0.0,0,0,0
215,05/06/2023,58.447488584474875,0,0,0,0,0,0,0.0,0.0,0,0,0
216,05/07/2023,58.447488584474875,0,0,0,0,0,0,0.0,0.0,0,0,0
217,05/08/2023,58.447488584474875,0,0,0,0,0,0,0.0,0.0,0,0,0
218,05/09/2023,58.447488584474875,0,0,0,0,0,0,0.0,0.0,0,0,0
219,05/10/2023,58.447488584474875,0,0,0,0,0,0,0.0,0.0,0,0,0
220,05/11/2023,58.447488584474875,0,0,0,0,0,0,0.0,0.0,0,0,0
221,05/12/2023,58.447488584474875,0,0,0,0,0,0,0.0,0.0,0,0,0
222,05/13/2023,58.447488584474875,0,0,0,0,0,0,0.0,0.0,0,0,0
223,05/14/2023,58.447488584474875,0,0,0,0,0,0,0.0,0.0,0,0,0
224,05/15/2023,58.447488584474875,0,0,0,0,0,0,0.0,0.0,0,0,0
225,05/16/2023,58.447488584474875,0,0,0,0,0,0,0.0,0.0,0,0,0
226,05/17/2023,58.447488584474875,0,0,0,0,0,0,0.0,0.0,0,0,0
227,05/18/2023,58.447488584474875,0,0,0,0,0,0,0.0,0.0,0,0,0
228,05/19/2023,58.447488584474875,0,0,0,0,0,0,0.0,0.0,0,0,0
229,05/20/2023,58.447488584474875,0,0,0,0,0,0,0.0,0.0,0,0,0
230,05/21/2023,58.447488584474875,0,0,0,0,0,0,0.0,0.0,0,0,0
231,05/22/2023,58.447488584474875,0,0,0,0,0,0,0.0,0.0,0,0,0
232,05/23/2023,58.447488584474875,0,0,0,0,0,0,0.0,0.0,0,0,0
233,05/24/2023,58.447488584474875,0,0,0,0,0,0,0.0,0.0,0,0,0
234,05/25/2023,58.447488584474875,0,0,0,0,0,0,0.0,0.0,0,0,0
235,05/26/2023,58.447488584474875,0,0,0,0,0,0,0.0,0.0,0,0,0
236,05/27/2023,58.447488584474875,0,0,0,0,0,0,0.0,0.0,0,0,0
237,05/28/2023,58.447488584474875,0,0,0,0,0,0,0.0,0.0,0,0,0
238,05/29/2023,58.447488584474875,0,0,0,0,0,0,0.0,0.0,0,0,0
239,05/30/2023,58.447488584474875,0,0,0,0,0,0,0.0,0.0,0,0,0
240,05/31/2023,58.447488584474875,0,0,0,0,0,0,0.0,0.0,0,0,0
241,06/01/2023,58.447488584474875,0,0,0,0,0,0,0.0,0.0,0,0,0
242,06/02/2023,58.447488584474875,0,0,0,0,0,0,0.0,0.0,0,0,0
243,06/03/2023,58.447488584474875,0,0,0,0,0,0,0.0,0.0,0,0,0
244,06/04/2023,58.447488584474875,0,0,0,0,0,0,0.0,0.0,0,0,0
245,06/05/2023,58.447488584474875,0,0,0,0,0,0,0.0,0.0,0,0,0
246,06/06/2023,58.447488584474875,0,0,0,0,0,0,0.0,0.0,0,0,0
247,06/07/2023,58.447488584474875,0,0,0,0,0,0,0.0,0.0,0,0,0
248,06/08/2023,58.447488584474875,0,0,0,0,0,0,0.0,0.0,0,0,0
249,06/09/2023,58.447488584474875,0,0,0,0,0,0,0.0,0.0,0,0,0
250,06/10/2023,58.447488584474875,0,0,0,0,0,0,0.0,0.0,0,0,0
251,06/11/2023,58.447488584474875,0,0,0,0,0,0,0.0,0.0,0,0,0
252,06/12/2023,58.447488584474875,0,0,0,0,0,0,0.0,0.0,0,0,0
253,06/13/2023,58.447488584474875,0,0,0,0,0,0,0.0,0.0,0,0,0
254,06/14/2023,58.447488584474875,0,0,0,0,0,0,0.0,0.0,0,0,0
255,06/15/2023,58.447488584474875,0,0,0,0,0,0,0.0,0.0,0,0,0
256,06/16/2023,58.447488584474875,0,0,0,0,0,0,0.0,0.0,0,0,0
257,06/17/2023,58.447488584474875,0,0,0,0,0,0,0.0,0.0,0,0,0
258,06/18/2023,58.447488584474875,0,0,0,0,0,0,0.0,0.0,0,0,0
259,06/19/2023,58.447488584474875,0,0,0,0,0,0,0.0,0.0,0,0,0
260,06/20/2023,58.447488584474875,0,0,0,0,0,0,0.0,0.0,0,0,0
261,06/21/2023,58.447488584474875,0,0,0,0,0,0,0.0,0.0,0,0,0
262,06/22/2023,58.447488584474875,0,0,0,0,0,0,0.0,0.0,0,0,0
263,06/23/2023,58.447488584474875,0,0,0,0,0,0,0.0,0.0,0,0,0
264,06/24/2023,58.447488584474875,0,0,0,0,0,0,0.0,0.0,0,0,0
265,06/25/2023,58.447488584474875,0,0,0,0,0,0,0.0,0.0,0,0,0
266,06/26/2023,58.447488584474875,0,0,0,0,0,0,0.0,0.0,0,0,0
267,06/27/2023,58.447488584474875,0,0,0,0,0,0,0.0,0.0,0,0,0
268,06/28/2023,58.447488584474875,0,0,0,0,0,0,0.0,0.0,0,0,0
269,06/29/2023,58.447488584474875,0,0,0,0,0,0,0.0,0.0,0,0,0
270,06/30/2023,58.447488584474875,0,0,0,0,0,0,0.0,0.0,0,0,0
271,07/01/2023,58.447488584474875,0,0,0,0,0,0,0.0,0.0,0,0,0
272,07/02/2023,58.447488584474875,0,0,0,0,0,0,0.0,0.0,0,0,0
273,07/03/2023,58.447488584474875,0,0,0,0,0,0,0.0,0.0,0,0,0
274,07/04/2023,58.447488584474875,0,0,0,0,0,0,0.0,0.0,0,0,0
275,07/05/2023,58.447488584474875,0,0,0,0,0,0,0.0,0.0,0,0,0
276,07/06/2023,58.447488584474875,0,0,0,0,0,0,0.0,0.0,0,0,0
277,07/07/2023,58.447488584474875,0,0,0,0,0,0,0.0,0.0,0,0,0
278,07/08/2023,58.447488584474875,0,0,0,0,0,0,0.0,0.0,0,0,0
279,07/09/2023,58.447488584474875,0,0,0,0,0,0,0.0,0.0,0,0,0
280,07/10/2023,58.447488584474875,0,0,0,0,0,0,0.0,0.0,0,0,0
281,07/11/2023,58.447488584474875,0,0,0,0,0,0,0.0,0.0,0,0,0
282,07/12/2023,58.447488584474875,0,0,0,0,0,0,0.0,0.0,0,0,0
283,07/13/2023,58.447488584474875,0,0,0,0,0,0,0.0,0.0,0,0,0
284,07/14/2023,58.447488584474875,0,0,0,0,0,0,0.0,0.0,0,0,0
285,07/15/2023,58.447488584474875,0,0,0,0,0,0,0.0,0.0,0,0,0
286,07/16/2023,58.447488584474875,0,0,0,0,0,0,0.0,0.0,0,0,0
287,07/17/2023,58.447488584474875,0,0,0,0,0,0,0.0,0.0,0,0,0
288,07/18/2023,58.447488584474875,0,0,0,0,0,0,0.0,0.0,0,0,0
289,07/19/2023,58.447488584474875,0,0,0,0,0,0,0.0,0.0,0,0,0
290,07/20/2023,58.447488584474875,0,0,0,0,0,0,0.0,0.0,0,0,0
291,07/21/2023,58.447488584474875,0,0,0,0,0,0,0.0,0.0,0,0,0
292,07/22/2023,58.447488584474875,0,0,0,0,0,0,0.0,0.0,0,0,0
293,07/23/2023,58.447488584474875,0,0,0,0,0,0,0.0,0.0,0,0,0
294,07/24/2023,58.447488584474875,0,0,0,0,0,0,0.0,0.0,0,0,0
295,07/25/2023,58.447488584474875,0,0,0,0,0,0,0.0,0.0,0,0,0
296,07/26/2023,58.447488584474875,0,0,0,0,0,0,0.0,0.0,0,0,0
297,07/27/2023,58.447488584474875,0,0,0,0,0,0,0.0,0.0,0,0,0
298,07/28/2023,58.447488584474875,0,0,0,0,0,0,0.0,0.0,0,0,0
299,07/29/2023,58.447488584474875,0,0,0,0,0,0,0.0,0.0,0,0,0
300,07/30/2023,58.447488584474875,0,0,0,0,0,0,0.0,0.0,0,0,0
301,07/31/2023,58.447488584474875,0,0,0,0,0,0,0.0,0.0,0,0,0
302,08/01/2023,58.447488584474875,0,0,0,0,0,0,0.0,0.0,0,0,0
303,08/02/2023,58.447488584474875,0,0,0,0,0,0,0.0,0.0,0,0,0
304,08/03/2023,58.447488584474875,0,0,0,0,0,0,0.0,0.0,0,0,0
305,08/04/2023,58.447488584474875,0,0,0,0,0,0,0.0,0.0,0,0,0
306,08/05/2023,58.447488584474875,0,0,0,0,0,0,0.0,0.0,0,0,0
307,08/06/2023,58.447488584474875,0,0,0,0,0,0,0.0,0.0,0,0,0
308,08/07/2023,58.447488584474875,0,0,0,0,0,0,0.0,0.0,0,0,0
309,08/08/2023,58.447488584474875,0,0,0,0,0,0,0.0,0.0,0,0,0
310,08/09/2023,58.447488584474875,0,0,0,0,0,0,0.0,0.0,0,0,0
311,08/10/2023,58.447488584474875,0,0,0,0,0,0,0.0,0.0,0,0,0
312,08/11/2023,58.447488584474875,0,0,0,0,0,0,0.0,0.0,0,0,0
313,08/12/2023,58.447488584474875,0,0,0,0,0,0,0.0,0.0,0,0,0
314,08/13/2023,58.447488584474875,0,0,0,0,0,0,0.0,0.0,0,0,0
315,08/14/2023,58.447488584474875,0,0,0,0,0,0,0.0,0.0,0,0,0
316,08/15/2023,58.447488584474875,0,0,0,0,0,0,0.0,0.0,0,0,0
317,08/16/2023,58.447488584474875,0,0,0,0,0,0,0.0,0.0,0,0,0
318,08/17/2023,58.447488584474875,0,0,0,0,0,0,0.0,0.0,0,0,0
319,08/18/2023,58.447488584474875,0,0,0,0,0,0,0.0,0.0,0,0,0
320,08/19/2023,58.447488584474875,0,0,0,0,0,0,0.0,0.0,0,0,0
321,08/20/2023,58.447488584474875,0,0,0,0,0,0,0.0,0.0,0,0,0
322,08/21/2023,58.447488584474875,0,0,0,0,0,0,0.0,0.0,0,0,0
323,08/22/2023,58.447488584474875,0,0,0,0,0,0,0.0,0.0,0,0,0
324,08/23/2023,58.447488584474875,0,0,0,0,0,0,0.0,0.0,0,0,0
325,08/24/2023,58.447488584474875,0,0,0,0,0,0,0.0,0.0,0,0,0
326,08/25/2023,58.447488584474875,0,0,0,0,0,0,0.0,0.0,0,0,0
327,08/26/2023,58.447488584474875,0,0,0,0,0,0,0.0,0.0,0,0,0
328,08/27/2023,58.447488584474875,0,0,0,0,0,0,0.0,0.0,0,0,0
329,08/28/2023,58.447488584474875,0,0,0,0,0,0,0.0,0.0,0,0,0
330,08/29/2023,58.447488584474875,0,0,0,0,0,0,0.0,0.0,0,0,0
331,08/30/2023,58.447488584474875,0,0,0,0,0,0,0.0,0.0,0,0,0
332,08/31/2023,58.447488584474875,0,0,0,0,0.0,0.0,0.0,0.0,0,0,0
333,09/01/2023,58.447488584474875,0,0,0,0,47150.793402777774,174666.66145833334,174666.66145833334,47150.793402777774,0,0,0
334,09/02/2023,58.447488584474875,0,0,0,0,94301.58680555555,349333.3229166667,174666.66145833334,47150.793402777774,0,0,0
335,09/03/2023,58.447488584474875,0,0,0,0,141452.3802083333,523999.984375,174666.6614583333,47150.79340277777,0,0,0
336,09/04/2023,58.447488584474875,0,0,0,0,188603.1736111111,698666.6458333334,174666.66145833337,47150.79340277778,0,0,0
337,09/05/2023,58.447488584474875,0,0,0,0,235753.96701388885,873333.3072916666,174666.66145833326,47150.79340277775,0,0,0
338,09/06/2023,58.447488584474875,0,0,0,0,282904.7604166666,1047999.96875,174666.66145833337,47150.79340277778,0,0,0
339,09/07/2023,58.447488584474875,0,0,0,0,330055.55381944444,1222666.6302083333,174666.66145833326,47150.79340277781,0,0,0
340,09/08/2023,58.447488584474875,0,0,0,0,377206.3472222222,1397333.2916666667,174666.6614583335,47150.79340277775,0,0,0
341,09/09/2023,58.447488584474875,0,0,0,0,424357.14062499994,1571999.953125,174666.66145833326,47150.79340277775,0,0,0
342,09/10/2023,58.447488584474875,0,0,0,0,471507.9340277777,1746666.6145833333,174666.66145833326,47150.79340277775,0,0,0
343,09/11/2023,58.447488584474875,0,0,0,0,518658.7274305555,1921333.2760416667,174666.6614583335,47150.79340277781,0,0,0
344,09/12/2023,58.447488584474875,0,0,0,0,565809.5208333333,2095999.9375,174666.66145833326,47150.79340277775,0,0,0
345,09/13/2023,58.447488584474875,0,0,0,0,612960.314236111,2270666.5989583335,174666.6614583335,47150.79340277775,0,0,0
346,09/14/2023,58.447488584474875,0,0,0,0,660111.1076388889,2445333.2604166665,174666.66145833302,47150.79340277787,0,0,0
347,09/15/2023,58.447488584474875,0,0,0,0,707261.9010416665,2619999.921875,174666.6614583335,47150.793402777635,0,0,0
348,09/16/2023,58.447488584474875,0,0,0,0,754412.6944444444,2794666.5833333335,174666.6614583335,47150.79340277787,0,0,0
349,09/17/2023,58.447488584474875,0,0,0,0,801563.4878472221,2969333.2447916665,174666.66145833302,47150.79340277775,0,0,0
350,09/18/2023,58.447488584474875,0,0,0,0,848714.2812499999,3143999.90625,174666.6614583335,47150.79340277775,0,0,0
351,09/19/2023,58.447488584474875,0,0,0,0,895865.0746527776,3318666.5677083335,174666.6614583335,47150.79340277775,0,0,0
352,09/20/2023,58.447488584474875,0,0,0,0,943015.8680555554,3493333.2291666665,174666.66145833302,47150.79340277775,0,0,0
353,09/21/2023,58.447488584474875,0,0,0,0,990166.6614583331,3667999.890625,174666.6614583335,47150.79340277775,0,0,0
354,09/22/2023,58.447488584474875,0,0,0,0,1037317.454861111,3842666.5520833335,174666.6614583335,47150.79340277787,0,0,0
355,09/23/2023,58.447488584474875,0,0,0,0,1084468.2482638888,4017333.2135416665,174666.66145833302,47150.79340277775,0,0,0
356,09/24/2023,58.447488584474875,0,0,0,0,1131619.0416666665,4191999.875,174666.6614583335,47150.79340277775,0,0,0
357,09/25/2023,58.447488584474875,0,0,0,0,1178769.8350694443,4366666.536458333,174666.66145833302,47150.79340277775,0,0,0
358,09/26/2023,58.447488584474875,0,0,0,0,1225920.628472222,4541333.197916667,174666.66145833395,47150.79340277775,0,0,0
359,09/27/2023,58.447488584474875,0,0,0,0,1273071.4218749998,4715999.859375,174666.66145833302,47150.79340277775,0,0,0
360,09/28/2023,58.447488584474875,0,0,0,0,1320222.2152777778,4890666.520833333,174666.66145833302,47150.793402777985,0,0,0
361,09/29/2023,58.447488584474875,0,0,0,0,1367373.0086805553,5065333.182291667,174666.66145833395,47150.79340277752,0,0,0
362,09/30/2023,58.447488584474875,0,0,0,0,1414523.802083333,5239999.84375,174666.66145833302,47150.79340277775,0,0,0
363,10/01/2023,58.447488584474875,0,0,0,0,1461674.595486111,5414666.505208333,174666.66145833302,47150.793402777985,0,0,0
364,10/02/2023,58.447488584474875,0,0,0,0,1508825.3888888888,5589333.166666667,174666.66145833395,47150.79340277775,0,0,0
365,10/03/2023,58.447488584474875,0,0,0,0,1555976.1822916663,5763999.828125,174666.66145833302,47150.79340277752,0,0,0
366,10/04/2023,58.447488584474875,0,0,0,0,1603126.9756944443,5938666.489583333,174666.66145833302,47150.793402777985,0,0,0
367,10/05/2023,58.447488584474875,0,0,0,0,1650277.769097222,6113333.151041667,174666.66145833395,47150.79340277775,0,0,0
368,10/06/2023,58.447488584474875,0,0,0,0,1697428.5624999998,6287999.8125,174666.66145833302,47150.79340277775,0,0,0
369,10/07/2023,58.447488584474875,0,0,0,0,1744579.3559027778,6462666.473958333,174666.66145833302,47150.793402777985,0,0,0
370,10/08/2023,58.447488584474875,0,0,0,0,1791730.1493055553,6637333.135416667,174666.66145833395,47150.79340277752,0,0,0
371,10/09/2023,58.447488584474875,0,0,0,0,1838880.942708333,6811999.796875,174666.66145833302,47150.79340277775,0,0,0
372,10/10/2023,58.447488584474875,0,0,0,0,1886031.7361111108,6986666.458333333,174666.66145833302,47150.79340277775,0,0,0
373,10/11/2023,58.447488584474875,0,0,0,0,1933182.5295138888,7161333.119791667,174666.66145833395,47150.793402777985,0,0,0
374,10/12/2023,58.447488584474875,0,0,0,0,1980333.3229166663,7335999.78125,174666.66145833302,47150.79340277752,0,0,0
375,10/13/2023,58.447488584474875,0,0,0,0,2027484.116319444,7510666.442708333,174666.66145833302,47150.79340277775,0,0,0
376,10/14/2023,58.447488584474875,0,0,0,0,2074634.909722222,7685333.104166667,174666.66145833395,47150.793402777985,0,0,0
377,10/15/2023,58.447488584474875,0,0,0,0,2121785.7031249995,7859999.765625,174666.66145833302,47150.79340277752,0,0,0
378,10/16/2023,58.447488584474875,0,0,0,0,2168936.4965277775,8034666.427083333,174666.66145833302,47150.793402777985,0,0,0
379,10/17/2023,58.447488584474875,0,0,0,0,2216087.2899305555,8209333.088541667,174666.66145833395,47150.793402777985,0,0,0
380,10/18/2023,58.447488584474875,0,0,0,0,2263238.083333333,8383999.75,174666.66145833302,47150.79340277752,0,0,0
381,10/19/2023,58.447488584474875,0,0,0,0,2310388.8767361105,8558666.411458334,174666.66145833395,47150.79340277752,0,0,0
382,10/20/2023,58.447488584474875,0,0,0,0,2357539.6701388885,8733333.072916666,174666.6614583321,47150.793402777985,0,0,0
383,10/21/2023,58.447488584474875,0,0,0,0,2404690.4635416665,8907999.734375,174666.66145833395,47150.793402777985,0,0,0
384,10/22/2023,58.447488584474875,0,0,0,0,2451841.256944444,9082666.395833334,174666.66145833395,47150.79340277752,0,0,0
385,10/23/2023,58.447488584474875,0,0,0,0,2498992.050347222,9257333.057291666,174666.6614583321,47150.793402777985,0,0,0
386,10/24/2023,58.447488584474875,0,0,0,0,2546142.8437499995,9431999.71875,174666.66145833395,47150.79340277752,0,0,0
387,10/25/2023,58.447488584474875,0,0,0,0,2593293.6371527775,9606666.380208334,174666.66145833395,47150.793402777985,0,0,0
388,10/26/2023,58.447488584474875,0,0,0,0,2640444.4305555555,9781333.041666666,174666.6614583321,47150.793402777985,0,0,0
389,10/27/2023,58.447488584474875,0,0,0,0,2687595.223958333,9955999.703125,174666.66145833395,47150.79340277752,0,0,0
390,10/28/2023,58.447488584474875,0,0,0,0,2734746.0173611105,10130666.364583334,174666.66145833395,47150.79340277752,0,0,0
391,10/29/2023,58.447488584474875,0,0,0,0,2781896.8107638885,10305333.026041666,174666.6614583321,47150.793402777985,0,0,0
392,10/30/2023,58.447488584474875,0,0,0,0,2829047.604166666,10479999.6875,174666.66145833395,47150.79340277752,0,0,0
393,10/31/2023,58.447488584474875,0,0,0,0,2876198.397569444,10654666.348958334,174666.66145833395,47150.793402777985,0,0,0
394,11/01/2023,58.447488584474875,0,0,0,0,2923349.190972222,10829333.010416666,174666.6614583321,47150.793402777985,0,0,0
395,11/02/2023,58.447488584474875,0,0,0,0,2970499.9843749995,11003999.671875,174666.66145833395,47150.79340277752,0,0,0
396,11/03/2023,58.447488584474875,0,0,0,0,3017650.7777777775,11178666.333333334,174666.66145833395,47150.793402777985,0,0,0
397,11/04/2023,58.447488584474875,0,0,0,0,3064801.5711805555,11353332.994791666,174666.6614583321,47150.793402777985,0,0,0
398,11/05/2023,58.447488584474875,0,0,0,0,3111952.3645833326,11527999.65625,174666.66145833395,47150.79340277705,0,0,0
399,11/06/2023,58.447488584474875,0,0,0,0,3159103.1579861105,11702666.317708334,174666.66145833395,47150.793402777985,0,0,0
400,11/07/2023,58.447488584474875,0,0,0,0,3206253.9513888885,11877332.979166666,174666.6614583321,47150.793402777985,0,0,0
401,11/08/2023,58.447488584474875,0,0,0,0,3253404.744791666,12051999.640625,174666.66145833395,47150.79340277752,0,0,0
402,11/09/2023,58.447488584474875,0,0,0,0,3300555.538194444,12226666.302083334,174666.66145833395,47150.793402777985,0,0,0
403,11/10/2023,58.447488584474875,0,0,0,0,3347706.331597222,12401332.963541666,174666.6614583321,47150.793402777985,0,0,0
404,11/11/2023,58.447488584474875,0,0,0,0,3394857.1249999995,12575999.625,174666.66145833395,47150.79340277752,0,0,0
405,11/12/2023,58.447488584474875,0,0,0,0,3442007.9184027775,12750666.286458334,174666.66145833395,47150.793402777985,0,0,0
406,11/13/2023,58.447488584474875,0,0,0,0,3489158.7118055555,12925332.947916666,174666.6614583321,47150.793402777985,0,0,0
407,11/14/2023,58.447488584474875,0,0,0,0,3536309.5052083326,13099999.609375,174666.66145833395,47150.79340277705,0,0,0
408,11/15/2023,58.447488584474875,0,0,0,0,3583460.2986111105,13274666.270833334,174666.66145833395,47150.793402777985,0,0,0
409,11/16/2023,58.447488584474875,0,0,0,0,3630611.0920138885,13449332.932291666,174666.6614583321,47150.793402777985,0,0,0
410,11/17/2023,58.447488584474875,0,0,0,0,3677761.885416666,13623999.59375,174666.66145833395,47150.79340277752,0,0,0
411,11/18/2023,58.447488584474875,0,0,0,0,3724912.678819444,13798666.255208334,174666.66145833395,47150.793402777985,0,0,0
412,11/19/2023,58.447488584474875,0,0,0,0,3772063.4722222215,13973332.916666666,174666.6614583321,47150.79340277752,0,0,0
413,11/20/2023,58.447488584474875,0,0,0,0,3819214.2656249995,14147999.578125,174666.66145833395,47150.793402777985,0,0,0
414,11/21/2023,58.447488584474875,0,0,0,0,3866365.0590277775,14322666.239583334,174666.66145833395,47150.793402777985,0,0,0
415,11/22/2023,58.447488584474875,0,0,0,0,3913515.8524305546,14497332.901041666,174666.6614583321,47150.79340277705,0,0,0
416,11/23/2023,58.447488584474875,0,0,0,0,3960666.6458333326,14671999.5625,174666.66145833395,47150.793402777985,0,0,0
417,11/24/2023,58.447488584474875,0,0,0,0,4007817.4392361105,14846666.223958334,174666.66145833395,47150.793402777985,0,0,0
418,11/25/2023,58.447488584474875,0,0,0,0,4054968.232638888,15021332.885416666,174666.6614583321,47150.79340277752,0,0,0
419,11/26/2023,58.447488584474875,0,0,0,0,4102119.026041666,15195999.546875,174666.66145833395,47150.793402777985,0,0,0
420,11/27/2023,58.447488584474875,0,0,0,0,4149269.819444444,15370666.208333334,174666.66145833395,47150.793402777985,0,0,0
421,11/28/2023,58.447488584474875,0,0,0,0,4196420.612847221,15545332.869791666,174666.6614583321,47150.79340277705,0,0,0
422,11/29/2023,58.447488584474875,0,0,0,0,4243571.406249999,15719999.53125,174666.66145833395,47150.793402777985,0,0,0
423,11/30/2023,58.447488584474875,0,0,0,0,4290722.199652777,15894666.192708334,174666.66145833395,47150.793402777985,0,0,0
424,12/01/2023,58.447488584474875,0,0,0,0,4337872.993055555,16069332.854166666,174666.6614583321,47150.793402777985,0,0,0
425,12/02/2023,58.447488584474875,0,0,0,0,4385023.786458333,16243999.515625,174666.66145833395,47150.793402777985,0,0,0
426,12/03/2023,58.447488584474875,0,0,0,0,4432174.579861111,16418666.177083334,174666.66145833395,47150.793402777985,0,0,0
427,12/04/2023,58.447488584474875,0,0,0,0,4479325.373263888,16593332.838541666,174666.6614583321,47150.79340277705,0,0,0
428,12/05/2023,58.447488584474875,0,0,0,0,4526476.166666666,16767999.5,174666.66145833395,47150.793402777985,0,0,0
429,12/06/2023,58.447488584474875,0,0,0,0,4573626.960069444,16942666.161458332,174666.6614583321,47150.793402777985,0,0,0
430,12/07/2023,58.447488584474875,0,0,0,0,4620777.753472221,17117332.822916668,174666.66145833582,47150.79340277705,0,0,0
431,12/08/2023,58.447488584474875,0,0,0,0,4667928.546874999,17291999.484375,174666.6614583321,47150.793402777985,0,0,0
432,12/09/2023,58.447488584474875,0,0,0,0,4715079.340277777,17466666.145833332,174666.6614583321,47150.793402777985,0,0,0
433,12/10/2023,58.447488584474875,0,0,0,0,4762230.133680555,17641332.807291668,174666.66145833582,47150.793402777985,0,0,0
434,12/11/2023,58.447488584474875,0,0,0,0,4809380.927083333,17815999.46875,174666.6614583321,47150.793402777985,0,0,0
435,12/12/2023,58.447488584474875,0,0,0,0,4856531.720486111,17990666.130208332,174666.6614583321,47150.793402777985,0,0,0
436,12/13/2023,58.447488584474875,0,0,0,0,4903682.513888888,18165332.791666668,174666.66145833582,47150.79340277705,0,0,0
437,12/14/2023,58.447488584474875,0,0,0,0,4950833.307291666,18339999.453125,174666.6614583321,47150.793402777985,0,0,0
438,12/15/2023,58.447488584474875,0,0,0,0,4997984.100694444,18514666.114583332,174666.6614583321,47150.793402777985,0,0,0
439,12/16/2023,58.447488584474875,0,0,0,0,5045134.894097221,18689332.776041668,174666.66145833582,47150.79340277705,0,0,0
440,12/17/2023,58.447488584474875,0,0,0,0,5092285.687499999,18863999.4375,174666.6614583321,47150.793402777985,0,0,0
441,12/18/2023,58.447488584474875,0,0,0,0,5139436.480902777,19038666.098958332,174666.6614583321,47150.793402777985,0,0,0
442,12/19/2023,58.447488584474875,0,0,0,0,5186587.274305555,19213332.760416668,174666.66145833582,47150.793402777985,0,0,0
443,12/20/2023,58.447488584474875,0,0,0,0,5233738.067708333,19387999.421875,174666.6614583321,47150.793402777985,0,0,0
444,12/21/2023,58.447488584474875,0,0,0,0,5280888.861111111,19562666.083333332,174666.6614583321,47150.793402777985,0,0,0
445,12/22/2023,58.447488584474875,0,0,0,0,5328039.654513888,19737332.744791668,174666.66145833582,47150.79340277705,0,0,0
446,12/23/2023,58.447488584474875,0,0,0,0,5375190.447916666,19911999.40625,174666.6614583321,47150.793402777985,0,0,0
447,12/24/2023,58.447488584474875,0,0,0,0,5422341.241319443,20086666.067708332,174666.6614583321,47150.79340277705,0,0,0
448,12/25/2023,58.447488584474875,0,0,0,0,5469492.034722221,20261332.729166668,174666.66145833582,47150.793402777985,0,0,0
449,12/26/2023,58.447488584474875,0,0,0,0,5516642.828124999,20435999.390625,174666.6614583321,47150.793402777985,0,0,0
450,12/27/2023,58.447488584474875,0,0,0,0,5563793.621527777,20610666.052083332,174666.6614583321,47150.793402777985,0,0,0
451,12/28/2023,58.447488584474875,0,0,0,0,5610944.414930555,20785332.713541668,174666.66145833582,47150.793402777985,0,0,0
452,12/29/2023,58.447488584474875,0,0,0,0,5658095.208333332,20959999.375,174666.6614583321,47150.79340277705,0,0,0
453,12/30/2023,58.447488584474875,0,0,0,0,5705246.001736111,21134666.036458332,174666.6614583321,47150.793402778916,0,0,0
454,12/31/2023,58.447488584474875,0,0,0,0,5752396.795138888,21309332.697916668,174666.66145833582,47150.79340277705,0,0,0
455,01/01/2024,58.447488584474875,0,0,0,0,5799547.588541665,21483999.359375,174666.6614583321,47150.79340277705,0,0,0
456,01/02/2024,58.447488584474875,0,0,0,0,5846698.381944444,21658666.020833332,174666.6614583321,47150.793402778916,0,0,0
457,01/03/2024,58.447488584474875,0,0,0,0,5893849.175347221,21833332.682291668,174666.66145833582,47150.79340277705,0,0,0
458,01/04/2024,58.447488584474875,0,0,0,0,5940999.968749999,22007999.34375,174666.6614583321,47150.793402777985,0,0,0
459,01/05/2024,58.447488584474875,0,0,0,0,5988150.762152777,22182666.005208332,174666.6614583321,47150.793402777985,0,0,0
460,01/06/2024,58.447488584474875,0,0,0,0,6035301.555555555,22357332.666666668,174666.66145833582,47150.793402777985,0,0,0
461,01/07/2024,58.447488584474875,0,0,0,0,6082452.348958332,22531999.328125,174666.6614583321,47150.79340277705,0,0,0
462,01/08/2024,58.447488584474875,0,0,0,0,6129603.142361111,22706665.989583332,174666.6614583321,47150.793402778916,0,0,0
463,01/09/2024,58.447488584474875,0,0,0,0,6176753.935763888,22881332.651041668,174666.66145833582,47150.79340277705,0,0,0
464,01/10/2024,58.447488584474875,0,0,0,0,6223904.729166665,23055999.3125,174666.6614583321,47150.79340277705,0,0,0
465,01/11/2024,58.447488584474875,0,0,0,0,6271055.522569444,23230665.973958332,174666.6614583321,47150.793402778916,0,0,0
466,01/12/2024,58.447488584474875,0,0,0,0,6318206.315972221,23405332.635416668,174666.66145833582,47150.79340277705,0,0,0
467,01/13/2024,58.447488584474875,0,0,0,0,6365357.109374999,23579999.296875,174666.6614583321,47150.793402777985,0,0,0
468,01/14/2024,58.447488584474875,0,0,0,0,6412507.902777777,23754665.958333332,174666.6614583321,47150.793402777985,0,0,0
469,01/15/2024,58.447488584474875,0,0,0,0,6459658.696180555,23929332.619791668,174666.66145833582,47150.793402777985,0,0,0
470,01/16/2024,58.447488584474875,0,0,0,0,6506809.489583332,24103999.28125,174666.6614583321,47150.79340277705,0,0,0
471,01/17/2024,58.447488584474875,0,0,0,0,6553960.282986111,24278665.942708332,174666.6614583321,47150.793402778916,0,0,0
472,01/18/2024,58.447488584474875,0,0,0,0,6601111.076388888,24453332.604166668,174666.66145833582,47150.79340277705,0,0,0
473,01/19/2024,58.447488584474875,0,0,0,0,6648261.869791665,24627999.265625,174666.6614583321,47150.79340277705,0,0,0
474,01/20/2024,58.447488584474875,0,0,0,0,6695412.663194444,24802665.927083332,174666.6614583321,47150.793402778916,0,0,0
475,01/21/2024,58.447488584474875,0,0,0,0,6742563.456597221,24977332.588541668,174666.66145833582,47150.79340277705,0,0,0
476,01/22/2024,58.447488584474875,0,0,0,0,6789714.249999999,25151999.25,174666.6614583321,47150.793402777985,0,0,0
477,01/23/2024,58.447488584474875,0,0,0,0,6836865.043402777,25326665.911458332,174666.6614583321,47150.793402777985,0,0,0
478,01/24/2024,58.447488584474875,0,0,0,0,6884015.836805555,25501332.572916668,174666.66145833582,47150.793402777985,0,0,0
479,01/25/2024,58.447488584474875,0,0,0,0,6931166.630208332,25675999.234375,174666.6614583321,47150.79340277705,0,0,0
480,01/26/2024,58.447488584474875,0,0,0,0,6978317.423611111,25850665.895833332,174666.6614583321,47150.793402778916,0,0,0
481,01/27/2024,58.447488584474875,0,0,0,0,7025468.217013888,26025332.557291668,174666.66145833582,47150.79340277705,0,0,0
482,01/28/2024,58.447488584474875,0,0,0,0,7072619.010416665,26199999.21875,174666.6614583321,47150.79340277705,0,0,0
483,01/29/2024,58.447488584474875,0,0,0,0,7119769.803819444,26374665.880208332,174666.6614583321,47150.793402778916,0,0,0
484,01/30/2024,58.447488584474875,0,0,0,0,7166920.597222221,26549332.541666668,174666.66145833582,47150.79340277705,0,0,0
485,01/31/2024,58.447488584474875,0,0,0,0,7214071.390624999,26723999.203125,174666.6614583321,47150.793402777985,0,0,0
486,02/01/2024,58.447488584474875,0,0,0,0,7261222.184027777,26898665.864583332,174666.6614583321,47150.793402777985,0,0,0
487,02/02/2024,58.447488584474875,0,0,0,0,7308372.977430555,27073332.526041668,174666.66145833582,47150.793402777985,0,0,0
488,02/03/2024,58.447488584474875,0,0,0,0,7355523.770833332,27247999.1875,174666.6614583321,47150.79340277705,0,0,0
489,02/04/2024,58.447488584474875,0,0,0,0,7402674.564236111,27422665.848958332,174666.6614583321,47150.793402778916,0,0,0
490,02/05/2024,58.447488584474875,0,0,0,0,7449825.357638888,27597332.510416668,174666.66145833582,47150.79340277705,0,0,0
491,02/06/2024,58.447488584474875,0,0,0,0,7496976.151041665,27771999.171875,174666.6614583321,47150.79340277705,0,0,0
492,02/07/2024,58.447488584474875,0,0,0,0,7544126.944444443,27946665.833333332,174666.6614583321,47150.793402777985,0,0,0
493,02/08/2024,58.447488584474875,0,0,0,0,7591277.737847221,28121332.494791668,174666.66145833582,47150.793402777985,0,0,0
494,02/09/2024,58.447488584474875,0,0,0,0,7638428.531249999,28295999.15625,174666.6614583321,47150.793402777985,0,0,0
495,02/10/2024,58.447488584474875,0,0,0,0,7685579.324652776,28470665.817708332,174666.6614583321,47150.79340277705,0,0,0
496,02/11/2024,58.447488584474875,0,0,0,0,7732730.118055555,28645332.479166668,174666.66145833582,47150.793402778916,0,0,0
497,02/12/2024,58.447488584474875,0,0,0,0,7779880.911458332,28819999.140625,174666.6614583321,47150.79340277705,0,0,0
498,02/13/2024,58.447488584474875,0,0,0,0,7827031.704861109,28994665.802083332,174666.6614583321,47150.79340277705,0,0,0
499,02/14/2024,58.447488584474875,0,0,0,0,7874182.498263888,29169332.463541668,174666.66145833582,47150.793402778916,0,0,0
500,02/15/2024,58.447488584474875,0,0,0,0,7921333.291666665,29343999.125,174666.6614583321,47150.79340277705,0,0,0
501,02/16/2024,58.447488584474875,0,0,0,0,7968484.085069443,29518665.786458332,174666.6614583321,47150.793402777985,0,0,0
502,02/17/2024,58.447488584474875,0,0,0,0,8015634.878472221,29693332.447916668,174666.66145833582,47150.793402777985,0,0,0
503,02/18/2024,58.447488584474875,0,0,0,0,8062785.671874999,29867999.109375,174666.6614583321,47150.793402777985,0,0,0
504,02/19/2024,58.447488584474875,0,0,0,0,8109936.465277776,30042665.770833332,174666.6614583321,47150.79340277705,0,0,0
505,02/20/2024,58.447488584474875,0,0,0,0,8157087.258680555,30217332.432291668,174666.66145833582,47150.793402778916,0,0,0
506,02/21/2024,58.447488584474875,0,0,0,0,8204238.052083332,30391999.09375,174666.6614583321,47150.79340277705,0,0,0
507,02/22/2024,58.447488584474875,0,0,0,0,8251388.845486109,30566665.755208332,174666.6614583321,47150.79340277705,0,0,0
508,02/23/2024,58.447488584474875,0,0,0,0,8298539.638888888,30741332.416666668,174666.66145833582,47150.793402778916,0,0,0
509,02/24/2024,58.447488584474875,0,0,0,0,8345690.432291665,30915999.078125,174666.6614583321,47150.79340277705,0,0,0
510,02/25/2024,58.447488584474875,0,0,0,0,8392841.225694442,31090665.739583332,174666.6614583321,47150.79340277705,0,0,0
511,02/26/2024,58.447488584474875,0,0,0,0,8439992.019097222,31265332.401041668,174666.66145833582,47150.79340277985,0,0,0
512,02/27/2024,58.447488584474875,0,0,0,0,8487142.812499998,31439999.0625,174666.6614583321,47150.79340277612,0,0,0
513,02/28/2024,58.447488584474875,0,0,0,0,8534293.605902776,31614665.723958332,174666.6614583321,47150.793402777985,0,0,0
514,02/29/2024,58.447488584474875,0,0,0,0,8581444.399305554,31789332.385416668,174666.66145833582,47150.793402777985,0,0,0
515,03/01/2024,58.447488584474875,0,0,0,0,8628595.192708332,31963999.046875,174666.6614583321,47150.793402777985,0,0,0
516,03/02/2024,58.447488584474875,0,0,0,0,8675745.98611111,32138665.708333332,174666.6614583321,47150.793402777985,0,0,0
517,03/03/2024,58.447488584474875,0,0,0,0,8722896.779513888,32313332.369791668,174666.66145833582,47150.793402777985,0,0,0
518,03/04/2024,58.447488584474875,0,0,0,0,8770047.572916666,32487999.03125,174666.6614583321,47150.793402777985,0,0,0
519,03/05/2024,58.447488584474875,0,0,0,0,8817198.366319442,32662665.692708332,174666.6614583321,47150.79340277612,0,0,0
520,03/06/2024,58.447488584474875,0,0,0,0,8864349.159722222,32837332.354166668,174666.66145833582,47150.79340277985,0,0,0
521,03/07/2024,58.447488584474875,0,0,0,0,8911499.953124998,33011999.015625,174666.6614583321,47150.79340277612,0,0,0
522,03/08/2024,58.447488584474875,0,0,0,0,8958650.746527776,33186665.677083332,174666.6614583321,47150.793402777985,0,0,0
523,03/09/2024,58.447488584474875,0,0,0,0,9005801.539930554,33361332.338541668,174666.66145833582,47150.793402777985,0,0,0
524,03/10/2024,58.447488584474875,0,0,0,0,9052952.333333332,33535999.0,174666.6614583321,47150.793402777985,0,0,0
525,03/11/2024,58.447488584474875,0,0,0,0,9100103.12673611,33710665.661458336,174666.66145833582,47150.793402777985,0,0,0
526,03/12/2024,58.447488584474875,0,0,0,0,9100103.12673611,33710665.661458336,0.0,0.0,0,0,0
527,03/13/2024,58.447488584474875,0,0,0,0,9100103.12673611,33710665.661458336,0.0,0.0,0,0,0
528,03/14/2024,58.447488584474875,0,0,0,0,9100103.12673611,33710665.661458336,0.0,0.0,0,0,0
529,03/15/2024,58.447488584474875,0,0,0,0,9100103.12673611,33710665.661458336,0.0,0.0,0,0,0
530,03/16/2024,58.447488584474875,0,0,0,0,9100103.12673611,33710665.661458336,0.0,0.0,0,0,0
531,03/17/2024,58.447488584474875,0,0,0,0,9100103.12673611,33710665.661458336,0.0,0.0,0,0,0
532,03/18/2024,58.447488584474875,0,0,0,0,9100103.12673611,33710665.661458336,0.0,0.0,0,0,0
533,03/19/2024,58.447488584474875,0,0,0,0,9100103.12673611,33710665.661458336,0.0,0.0,0,0,0
534,03/20/2024,58.447488584474875,0,0,0,0,9100103.12673611,33710665.661458336,0.0,0.0,0,0,0
535,03/21/2024,58.447488584474875,0,0,0,0,9100103.12673611,33710665.661458336,0.0,0.0,0,0,0
536,03/22/2024,58.447488584474875,0,0,0,0,9100103.12673611,33710665.661458336,0.0,0.0,0,0,0
537,03/23/2024,58.447488584474875,0,0,0,0,9100103.12673611,33710665.661458336,0.0,0.0,0,0,0
538,03/24/2024,58.447488584474875,0,0,0,0,9100103.12673611,33710665.661458336,0.0,0.0,0,0,0
539,03/25/2024,58.447488584474875,0,0,0,0,9100103.12673611,33710665.661458336,0.0,0.0,0,0,0
540,03/26/2024,58.447488584474875,0,0,0,0,9100103.12673611,33710665.661458336,0.0,0.0,0,0,0
541,03/27/2024,58.447488584474875,0,0,0,0,9100103.12673611,33710665.661458336,0.0,0.0,0,0,0
542,03/28/2024,58.447488584474875,0,0,0,0,9100103.12673611,33710665.661458336,0.0,0.0,0,0,0
543,03/29/2024,58.447488584474875,0,0,0,0,9100103.12673611,33710665.661458336,0.0,0.0,0,0,0
544,03/30/2024,58.447488584474875,0,0,0,0,9100103.12673611,33710665.661458336,0.0,0.0,0,0,0
545,03/31/2024,58.447488584474875,0,0,0,0,9100103.12673611,33710665.661458336,0.0,0.0,0,0,0
546,04/01/2024,58.447488584474875,0,0,0,0,9100103.12673611,33710665.661458336,0.0,0.0,0,0,0
547,04/02/2024,58.447488584474875,0,0,0,0,9100103.12673611,33710665.661458336,0.0,0.0,0,0,0
548,04/03/2024,58.447488584474875,0,0,0,0,9100103.12673611,33710665.661458336,0.0,0.0,0,0,0
549,04/04/2024,58.447488584474875,0,0,0,0,9100103.12673611,33710665.661458336,0.0,0.0,0,0,0
550,04/05/2024,58.447488584474875,0,0,0,0,9100103.12673611,33710665.661458336,0.0,0.0,0,0,0
551,04/06/2024,58.447488584474875,0,0,0,0,9100103.12673611,33710665.661458336,0.0,0.0,0,0,0
552,04/07/2024,58.447488584474875,0,0,0,0,9100103.12673611,33710665.661458336,0.0,0.0,0,0,0
553,04/08/2024,58.447488584474875,0,0,0,0,9100103.12673611,33710665.661458336,0.0,0.0,0,0,0
554,04/09/2024,58.447488584474875,0,0,0,0,9100103.12673611,33710665.661458336,0.0,0.0,0,0,0
555,04/10/2024,58.447488584474875,0,0,0,0,9100103.12673611,33710665.661458336,0.0,0.0,0,0,0
556,04/11/2024,58.447488584474875,0,0,0,0,9100103.12673611,33710665.661458336,0.0,0.0,0,0,0
557,04/12/2024,58.447488584474875,0,0,0,0,9100103.12673611,33710665.661458336,0.0,0.0,0,0,0
558,04/13/2024,58.447488584474875,0,0,0,0,9100103.12673611,33710665.661458336,0.0,0.0,0,0,0
559,04/14/2024,58.447488584474875,0,0,0,0,9100103.12673611,33710665.661458336,0.0,0.0,0,0,0
560,04/15/2024,58.447488584474875,0,0,0,0,9100103.12673611,33710665.661458336,0.0,0.0,0,0,0
561,04/16/2024,58.447488584474875,0,0,0,0,9100103.12673611,33710665.661458336,0.0,0.0,0,0,0
562,04/17/2024,58.447488584474875,0,0,0,0,9100103.12673611,33710665.661458336,0.0,0.0,0,0,0
563,04/18/2024,58.447488584474875,0,0,0,0,9100103.12673611,33710665.661458336,0.0,0.0,0,0,0
564,04/19/2024,58.447488584474875,0,0,0,0,9100103.12673611,33710665.661458336,0.0,0.0,0,0,0
565,04/20/2024,58.447488584474875,0,0,0,0,9100103.12673611,33710665.661458336,0.0,0.0,0,0,0
566,04/21/2024,58.447488584474875,0,0,0,0,9100103.12673611,33710665.661458336,0.0,0.0,0,0,0
567,04/22/2024,58.447488584474875,0,0,0,0,9100103.12673611,33710665.661458336,0.0,0.0,0,0,0
568,04/23/2024,58.447488584474875,0,0,0,0,9100103.12673611,33710665.661458336,0.0,0.0,0,0,0
569,04/24/2024,58.447488584474875,0,0,0,0,9100103.12673611,33710665.661458336,0.0,0.0,0,0,0
570,04/25/2024,58.447488584474875,0,0,0,0,9100103.12673611,33710665.661458336,0.0,0.0,0,0,0
571,04/26/2024,58.447488584474875,0,0,0,0,9100103.12673611,33710665.661458336,0.0,0.0,0,0,0
572,04/27/2024,58.447488584474875,0,0,0,0,9100103.12673611,33710665.661458336,0.0,0.0,0,0,0
573,04/28/2024,58.447488584474875,0,0,0,0,9100103.12673611,33710665.661458336,0.0,0.0,0,0,0
574,04/29/2024,58.447488584474875,0,0,0,0,9100103.12673611,33710665.661458336,0.0,0.0,0,0,0
575,04/30/2024,58.447488584474875,0,0,0,0,9100103.12673611,33710665.661458336,0.0,0.0,0,0,0
