,date,0_4,5_12,13_17,18_49,50_64,65+
0,08/08/2022,1365.7579462598537,2197.5371241481034,2693.471404199921,6684.9703453996635,9153.171936789786,3501.465132072552
1,08/09/2022,1365.7579462598537,2197.5371241481034,2693.471404199921,6684.9703453996635,9153.171936789786,3501.465132072552
2,08/10/2022,1365.7579462598537,2197.5371241481034,2693.471404199921,6684.9703453996635,9153.171936789786,3501.465132072552
3,08/11/2022,1365.7579462598537,2197.5371241481034,2693.471404199921,6684.9703453996635,9153.171936789786,3501.465132072552
4,08/12/2022,1365.7579462598537,2197.5371241481034,2693.471404199921,6684.9703453996635,9153.171936789786,3501.465132072552
5,08/13/2022,1365.7579462598537,2197.5371241481034,2693.471404199921,6684.9703453996635,9153.171936789786,3501.465132072552
6,08/15/2022,272.04125420900965,468.2222615118587,0.0,0.0,0.0,0.0
7,08/16/2022,272.04125420900965,468.2222615118587,0.0,0.0,0.0,0.0
8,08/17/2022,272.04125420900965,468.2222615118587,0.0,0.0,0.0,0.0
9,08/18/2022,272.04125420900965,468.2222615118587,0.0,0.0,0.0,0.0
10,08/19/2022,272.04125420900965,468.2222615118587,0.0,0.0,0.0,0.0
11,08/20/2022,272.04125420900965,468.2222615118587,0.0,0.0,0.0,0.0
12,08/22/2022,592.8377975173879,661.0174613561842,105.90565262327597,0.0,0.0,198.25315890268072
13,08/23/2022,592.8377975173879,661.0174613561842,105.90565262327597,0.0,0.0,198.25315890268072
14,08/24/2022,592.8377975173879,661.0174613561842,105.90565262327597,0.0,0.0,198.25315890268072
15,08/25/2022,592.8377975173879,661.0174613561842,105.90565262327597,0.0,0.0,198.25315890268072
16,08/26/2022,592.8377975173879,661.0174613561842,105.90565262327597,0.0,0.0,198.25315890268072
17,08/27/2022,592.8377975173879,661.0174613561842,105.90565262327597,0.0,0.0,198.25315890268072
18,08/29/2022,1067.37245994556,1080.233523552057,445.71074366240833,1492.8484632787633,308.89823542981424,1603.1810927867946
19,08/30/2022,1067.37245994556,1080.233523552057,445.71074366240833,1492.8484632787633,308.89823542981424,1603.1810927867946
20,08/31/2022,1067.37245994556,1080.233523552057,445.71074366240833,1492.8484632787633,308.89823542981424,1603.1810927867946
21,09/01/2022,1067.37245994556,1080.233523552057,445.71074366240833,1492.8484632787633,308.89823542981424,1603.1810927867946
22,09/02/2022,1067.37245994556,1080.233523552057,445.71074366240833,1492.8484632787633,308.89823542981424,1603.1810927867946
23,09/03/2022,1067.37245994556,1080.233523552057,445.71074366240833,1492.8484632787633,308.89823542981424,1603.1810927867946
24,09/05/2022,1399.3760985649424,1360.779124913286,710.7107406400056,2757.207819543745,1594.566326698456,2717.451251134668
25,09/06/2022,1399.3760985649424,1360.779124913286,710.7107406400056,2757.207819543745,1594.566326698456,2717.451251134668
26,09/07/2022,1399.3760985649424,1360.779124913286,710.7107406400056,2757.207819543745,1594.566326698456,2717.451251134668
27,09/08/2022,1399.3760985649424,1360.779124913286,710.7107406400056,2757.207819543745,1594.566326698456,2717.451251134668
28,09/09/2022,1399.3760985649424,1360.779124913286,710.7107406400056,2757.207819543745,1594.566326698456,2717.451251134668
29,09/10/2022,1399.3760985649424,1360.779124913286,710.7107406400056,2757.207819543745,1594.566326698456,2717.451251134668
30,09/12/2022,2181.1258341250896,2080.313461028113,1196.615597373703,4851.471327476573,3283.4416499830236,4665.430001371973
31,09/13/2022,2181.1258341250896,2080.313461028113,1196.615597373703,4851.471327476573,3283.4416499830236,4665.430001371973
32,09/14/2022,2181.1258341250896,2080.313461028113,1196.615597373703,4851.471327476573,3283.4416499830236,4665.430001371973
33,09/15/2022,2181.1258341250896,2080.313461028113,1196.615597373703,4851.471327476573,3283.4416499830236,4665.430001371973
34,09/16/2022,2181.1258341250896,2080.313461028113,1196.615597373703,4851.471327476573,3283.4416499830236,4665.430001371973
35,09/17/2022,2181.1258341250896,2080.313461028113,1196.615597373703,4851.471327476573,3283.4416499830236,4665.430001371973
36,09/19/2022,2467.9653482583553,2332.60680850089,1395.4764782736645,5735.983399602966,4033.90894673994,5475.410585147353
37,09/20/2022,2467.9653482583553,2332.60680850089,1395.4764782736645,5735.983399602966,4033.90894673994,5475.410585147353
38,09/21/2022,2467.9653482583553,2332.60680850089,1395.4764782736645,5735.983399602966,4033.90894673994,5475.410585147353
39,09/22/2022,2467.9653482583553,2332.60680850089,1395.4764782736645,5735.983399602966,4033.90894673994,5475.410585147353
40,09/23/2022,2467.9653482583553,2332.60680850089,1395.4764782736645,5735.983399602966,4033.90894673994,5475.410585147353
41,09/24/2022,2467.9653482583553,2332.60680850089,1395.4764782736645,5735.983399602966,4033.90894673994,5475.410585147353
42,09/26/2022,2630.528373110549,2441.4726934725463,1515.047912258384,6227.296746133743,4512.97950529137,5958.486609603678
43,09/27/2022,2630.528373110549,2441.4726934725463,1515.047912258384,6227.296746133743,4512.97950529137,5958.486609603678
44,09/28/2022,2630.528373110549,2441.4726934725463,1515.047912258384,6227.296746133743,4512.97950529137,5958.486609603678
45,09/29/2022,2630.528373110549,2441.4726934725463,1515.047912258384,6227.296746133743,4512.97950529137,5958.486609603678
46,09/30/2022,2630.528373110549,2441.4726934725463,1515.047912258384,6227.296746133743,4512.97950529137,5958.486609603678
47,10/01/2022,2630.528373110549,2441.4726934725463,1515.047912258384,6227.296746133743,4512.97950529137,5958.486609603678
48,10/03/2022,3217.5968346930213,2773.0461444094717,1988.8930185235522,8257.163554881736,7064.681895658635,7922.587589876529
49,10/04/2022,3217.5968346930213,2773.0461444094717,1988.8930185235522,8257.163554881736,7064.681895658635,7922.587589876529
50,10/05/2022,3217.5968346930213,2773.0461444094717,1988.8930185235522,8257.163554881736,7064.681895658635,7922.587589876529
51,10/06/2022,3217.5968346930213,2773.0461444094717,1988.8930185235522,8257.163554881736,7064.681895658635,7922.587589876529
52,10/07/2022,3217.5968346930213,2773.0461444094717,1988.8930185235522,8257.163554881736,7064.681895658635,7922.587589876529
53,10/08/2022,3217.5968346930213,2773.0461444094717,1988.8930185235522,8257.163554881736,7064.681895658635,7922.587589876529
54,10/10/2022,3862.3658687048364,3310.1896770143703,2473.3919054377056,10492.541000077537,9428.077088832239,9936.305398263963
55,10/11/2022,3862.3658687048364,3310.1896770143703,2473.3919054377056,10492.541000077537,9428.077088832239,9936.305398263963
56,10/12/2022,3862.3658687048364,3310.1896770143703,2473.3919054377056,10492.541000077537,9428.077088832239,9936.305398263963
57,10/13/2022,3862.3658687048364,3310.1896770143703,2473.3919054377056,10492.541000077537,9428.077088832239,9936.305398263963
58,10/14/2022,3862.3658687048364,3310.1896770143703,2473.3919054377056,10492.541000077537,9428.077088832239,9936.305398263963
59,10/15/2022,3862.3658687048364,3310.1896770143703,2473.3919054377056,10492.541000077537,9428.077088832239,9936.305398263963
60,10/17/2022,3996.8797426098877,3628.849246919374,2605.6467866155763,11486.783367049426,10186.757040751543,10554.03951139662
61,10/18/2022,3996.8797426098877,3628.849246919374,2605.6467866155763,11486.783367049426,10186.757040751543,10554.03951139662
62,10/19/2022,3996.8797426098877,3628.849246919374,2605.6467866155763,11486.783367049426,10186.757040751543,10554.03951139662
63,10/20/2022,3996.8797426098877,3628.849246919374,2605.6467866155763,11486.783367049426,10186.757040751543,10554.03951139662
64,10/21/2022,3996.8797426098877,3628.849246919374,2605.6467866155763,11486.783367049426,10186.757040751543,10554.03951139662
65,10/22/2022,3996.8797426098877,3628.849246919374,2605.6467866155763,11486.783367049426,10186.757040751543,10554.03951139662
66,10/24/2022,3428.2520392405745,3644.09771911109,2258.163778516702,10807.312092145476,8796.940701113277,9275.923878448382
67,10/25/2022,3428.2520392405745,3644.09771911109,2258.163778516702,10807.312092145476,8796.940701113277,9275.923878448382
68,10/26/2022,3428.2520392405745,3644.09771911109,2258.163778516702,10807.312092145476,8796.940701113277,9275.923878448382
69,10/27/2022,3428.2520392405745,3644.09771911109,2258.163778516702,10807.312092145476,8796.940701113277,9275.923878448382
70,10/28/2022,3428.2520392405745,3644.09771911109,2258.163778516702,10807.312092145476,8796.940701113277,9275.923878448382
71,10/29/2022,3428.2520392405745,3644.09771911109,2258.163778516702,10807.312092145476,8796.940701113277,9275.923878448382
72,10/31/2022,2726.7761611550322,3652.2998614500034,1818.950871783785,9544.675455453013,7007.01446549468,7616.847804973559
73,11/01/2022,2726.7761611550322,3652.2998614500034,1818.950871783785,9544.675455453013,7007.01446549468,7616.847804973559
74,11/02/2022,2726.7761611550322,3652.2998614500034,1818.950871783785,9544.675455453013,7007.01446549468,7616.847804973559
75,11/03/2022,2726.7761611550322,3652.2998614500034,1818.950871783785,9544.675455453013,7007.01446549468,7616.847804973559
76,11/04/2022,2726.7761611550322,3652.2998614500034,1818.950871783785,9544.675455453013,7007.01446549468,7616.847804973559
77,11/05/2022,2726.7761611550322,3652.2998614500034,1818.950871783785,9544.675455453013,7007.01446549468,7616.847804973559
78,11/07/2022,2324.5010266254612,3478.3545318436486,1571.4112468724306,8516.004732331856,6119.768527733938,6638.80461323449
79,11/08/2022,2324.5010266254612,3478.3545318436486,1571.4112468724306,8516.004732331856,6119.768527733938,6638.80461323449
80,11/09/2022,2324.5010266254612,3478.3545318436486,1571.4112468724306,8516.004732331856,6119.768527733938,6638.80461323449
81,11/10/2022,2324.5010266254612,3478.3545318436486,1571.4112468724306,8516.004732331856,6119.768527733938,6638.80461323449
82,11/11/2022,2324.5010266254612,3478.3545318436486,1571.4112468724306,8516.004732331856,6119.768527733938,6638.80461323449
83,11/12/2022,2324.5010266254612,3478.3545318436486,1571.4112468724306,8516.004732331856,6119.768527733938,6638.80461323449
84,11/14/2022,1891.241644780037,3039.0725415153465,1284.7308233405288,7473.444519496759,4998.475051070098,5473.420647770258
85,11/15/2022,1891.241644780037,3039.0725415153465,1284.7308233405288,7473.444519496759,4998.475051070098,5473.420647770258
86,11/16/2022,1891.241644780037,3039.0725415153465,1284.7308233405288,7473.444519496759,4998.475051070098,5473.420647770258
87,11/17/2022,1891.241644780037,3039.0725415153465,1284.7308233405288,7473.444519496759,4998.475051070098,5473.420647770258
88,11/18/2022,1891.241644780037,3039.0725415153465,1284.7308233405288,7473.444519496759,4998.475051070098,5473.420647770258
89,11/19/2022,1891.241644780037,3039.0725415153465,1284.7308233405288,7473.444519496759,4998.475051070098,5473.420647770258
90,11/21/2022,1404.779047763281,2316.896114888769,945.5163889422267,6309.902768062755,3599.22250787018,4064.96952774265
91,11/22/2022,1404.779047763281,2316.896114888769,945.5163889422267,6309.902768062755,3599.22250787018,4064.96952774265
92,11/23/2022,1404.779047763281,2316.896114888769,945.5163889422267,6309.902768062755,3599.22250787018,4064.96952774265
93,11/24/2022,1404.779047763281,2316.896114888769,945.5163889422267,6309.902768062755,3599.22250787018,4064.96952774265
94,11/25/2022,1404.779047763281,2316.896114888769,945.5163889422267,6309.902768062755,3599.22250787018,4064.96952774265
95,11/26/2022,1404.779047763281,2316.896114888769,945.5163889422267,6309.902768062755,3599.22250787018,4064.96952774265
96,11/28/2022,933.0494356807424,1487.6084405864901,635.5936029354156,5074.426731131577,2158.736402923118,2625.7817202723327
97,11/29/2022,933.0494356807424,1487.6084405864901,635.5936029354156,5074.426731131577,2158.736402923118,2625.7817202723327
98,11/30/2022,933.0494356807424,1487.6084405864901,635.5936029354156,5074.426731131577,2158.736402923118,2625.7817202723327
99,12/01/2022,933.0494356807424,1487.6084405864901,635.5936029354156,5074.426731131577,2158.736402923118,2625.7817202723327
100,12/02/2022,933.0494356807424,1487.6084405864901,635.5936029354156,5074.426731131577,2158.736402923118,2625.7817202723327
101,12/03/2022,933.0494356807424,1487.6084405864901,635.5936029354156,5074.426731131577,2158.736402923118,2625.7817202723327
102,12/05/2022,726.1641219372527,1141.9132491631801,544.7776669147124,4448.555818177872,1521.5511355232736,1974.0026791768446
103,12/06/2022,726.1641219372527,1141.9132491631801,544.7776669147124,4448.555818177872,1521.5511355232736,1974.0026791768446
104,12/07/2022,726.1641219372527,1141.9132491631801,544.7776669147124,4448.555818177872,1521.5511355232736,1974.0026791768446
105,12/08/2022,726.1641219372527,1141.9132491631801,544.7776669147124,4448.555818177872,1521.5511355232736,1974.0026791768446
106,12/09/2022,726.1641219372527,1141.9132491631801,544.7776669147124,4448.555818177872,1521.5511355232736,1974.0026791768446
107,12/10/2022,726.1641219372527,1141.9132491631801,544.7776669147124,4448.555818177872,1521.5511355232736,1974.0026791768446
108,12/12/2022,649.4539442590814,1036.9189141996683,479.68729077509835,4278.419285323091,1344.8769149380232,1770.175080447162
109,12/13/2022,649.4539442590814,1036.9189141996683,479.68729077509835,4278.419285323091,1344.8769149380232,1770.175080447162
110,12/14/2022,649.4539442590814,1036.9189141996683,479.68729077509835,4278.419285323091,1344.8769149380232,1770.175080447162
111,12/15/2022,649.4539442590814,1036.9189141996683,479.68729077509835,4278.419285323091,1344.8769149380232,1770.175080447162
112,12/16/2022,649.4539442590814,1036.9189141996683,479.68729077509835,4278.419285323091,1344.8769149380232,1770.175080447162
113,12/17/2022,649.4539442590814,1036.9189141996683,479.68729077509835,4278.419285323091,1344.8769149380232,1770.175080447162
114,12/19/2022,540.882539232262,914.7487805699504,311.17154959158506,3614.277927690829,1287.700758328333,1576.5747126237795
115,12/20/2022,540.882539232262,914.7487805699504,311.17154959158506,3614.277927690829,1287.700758328333,1576.5747126237795
116,12/21/2022,540.882539232262,914.7487805699504,311.17154959158506,3614.277927690829,1287.700758328333,1576.5747126237795
117,12/22/2022,540.882539232262,914.7487805699504,311.17154959158506,3614.277927690829,1287.700758328333,1576.5747126237795
118,12/23/2022,540.882539232262,914.7487805699504,311.17154959158506,3614.277927690829,1287.700758328333,1576.5747126237795
119,12/24/2022,540.882539232262,914.7487805699504,311.17154959158506,3614.277927690829,1287.700758328333,1576.5747126237795
120,12/26/2022,415.0735241597553,787.4699991170576,69.89784054712395,2523.135471977877,1343.497654122592,1404.1982405768013
121,12/27/2022,415.0735241597553,787.4699991170576,69.89784054712395,2523.135471977877,1343.497654122592,1404.1982405768013
122,12/28/2022,415.0735241597553,787.4699991170576,69.89784054712395,2523.135471977877,1343.497654122592,1404.1982405768013
123,12/29/2022,415.0735241597553,787.4699991170576,69.89784054712395,2523.135471977877,1343.497654122592,1404.1982405768013
124,12/30/2022,415.0735241597553,787.4699991170576,69.89784054712395,2523.135471977877,1343.497654122592,1404.1982405768013
125,12/31/2022,415.0735241597553,787.4699991170576,69.89784054712395,2523.135471977877,1343.497654122592,1404.1982405768013
126,01/02/2023,296.6453047711738,591.1060171130282,0.0,1456.6639537528085,1106.3291788344882,1011.0359949355768
127,01/03/2023,296.6453047711738,591.1060171130282,0.0,1456.6639537528085,1106.3291788344882,1011.0359949355768
128,01/04/2023,296.6453047711738,591.1060171130282,0.0,1456.6639537528085,1106.3291788344882,1011.0359949355768
129,01/05/2023,296.6453047711738,591.1060171130282,0.0,1456.6639537528085,1106.3291788344882,1011.0359949355768
130,01/06/2023,296.6453047711738,591.1060171130282,0.0,1456.6639537528085,1106.3291788344882,1011.0359949355768
131,01/07/2023,296.6453047711738,591.1060171130282,0.0,1456.6639537528085,1106.3291788344882,1011.0359949355768
132,01/09/2023,243.17365499591304,500.6346698129457,0.0,1092.6165804825832,1007.4580966598211,845.4356962766295
133,01/10/2023,243.17365499591304,500.6346698129457,0.0,1092.6165804825832,1007.4580966598211,845.4356962766295
134,01/11/2023,243.17365499591304,500.6346698129457,0.0,1092.6165804825832,1007.4580966598211,845.4356962766295
135,01/12/2023,243.17365499591304,500.6346698129457,0.0,1092.6165804825832,1007.4580966598211,845.4356962766295
136,01/13/2023,243.17365499591304,500.6346698129457,0.0,1092.6165804825832,1007.4580966598211,845.4356962766295
137,01/14/2023,243.17365499591304,500.6346698129457,0.0,1092.6165804825832,1007.4580966598211,845.4356962766295
138,01/16/2023,203.95345128311115,456.2937559302782,0.0,1086.8102635586356,1046.143327738194,842.0531647110515
139,01/17/2023,203.95345128311115,456.2937559302782,0.0,1086.8102635586356,1046.143327738194,842.0531647110515
140,01/18/2023,203.95345128311115,456.2937559302782,0.0,1086.8102635586356,1046.143327738194,842.0531647110515
141,01/19/2023,203.95345128311115,456.2937559302782,0.0,1086.8102635586356,1046.143327738194,842.0531647110515
142,01/20/2023,203.95345128311115,456.2937559302782,0.0,1086.8102635586356,1046.143327738194,842.0531647110515
143,01/21/2023,203.95345128311115,456.2937559302782,0.0,1086.8102635586356,1046.143327738194,842.0531647110515
144,01/23/2023,122.72326381115437,346.6081068832575,0.0,1220.666246179271,1012.4372018146311,824.4810463129029
145,01/24/2023,122.72326381115437,346.6081068832575,0.0,1220.666246179271,1012.4372018146311,824.4810463129029
146,01/25/2023,122.72326381115437,346.6081068832575,0.0,1220.666246179271,1012.4372018146311,824.4810463129029
147,01/26/2023,122.72326381115437,346.6081068832575,0.0,1220.666246179271,1012.4372018146311,824.4810463129029
148,01/27/2023,122.72326381115437,346.6081068832575,0.0,1220.666246179271,1012.4372018146311,824.4810463129029
149,01/28/2023,122.72326381115437,346.6081068832575,0.0,1220.666246179271,1012.4372018146311,824.4810463129029
150,01/30/2023,48.14576467020509,212.2938497773565,58.96793276510999,1454.1116989181378,903.0788470907473,778.4527113689542
151,01/31/2023,48.14576467020509,212.2938497773565,58.96793276510999,1454.1116989181378,903.0788470907473,778.4527113689542
152,02/01/2023,48.14576467020509,212.2938497773565,58.96793276510999,1454.1116989181378,903.0788470907473,778.4527113689542
153,02/02/2023,48.14576467020509,212.2938497773565,58.96793276510999,1454.1116989181378,903.0788470907473,778.4527113689542
154,02/03/2023,48.14576467020509,212.2938497773565,58.96793276510999,1454.1116989181378,903.0788470907473,778.4527113689542
155,02/04/2023,48.14576467020509,212.2938497773565,58.96793276510999,1454.1116989181378,903.0788470907473,778.4527113689542
156,02/06/2023,38.681900131898985,158.84348951477835,169.33347778160424,1650.3879795037947,862.4633372581212,761.6702961007526
157,02/07/2023,38.681900131898985,158.84348951477835,169.33347778160424,1650.3879795037947,862.4633372581212,761.6702961007526
158,02/08/2023,38.681900131898985,158.84348951477835,169.33347778160424,1650.3879795037947,862.4633372581212,761.6702961007526
159,02/09/2023,38.681900131898985,158.84348951477835,169.33347778160424,1650.3879795037947,862.4633372581212,761.6702961007526
160,02/10/2023,38.681900131898985,158.84348951477835,169.33347778160424,1650.3879795037947,862.4633372581212,761.6702961007526
161,02/11/2023,38.681900131898985,158.84348951477835,169.33347778160424,1650.3879795037947,862.4633372581212,761.6702961007526
162,02/13/2023,31.967007394970295,167.2802835915417,223.53837008016922,1857.8481588807279,987.5146768293008,846.2194314113042
163,02/14/2023,31.967007394970295,167.2802835915417,223.53837008016922,1857.8481588807279,987.5146768293008,846.2194314113042
164,02/15/2023,31.967007394970295,167.2802835915417,223.53837008016922,1857.8481588807279,987.5146768293008,846.2194314113042
165,02/16/2023,31.967007394970295,167.2802835915417,223.53837008016922,1857.8481588807279,987.5146768293008,846.2194314113042
166,02/17/2023,31.967007394970295,167.2802835915417,223.53837008016922,1857.8481588807279,987.5146768293008,846.2194314113042
167,02/18/2023,31.967007394970295,167.2802835915417,223.53837008016922,1857.8481588807279,987.5146768293008,846.2194314113042
168,02/20/2023,13.470851605455957,186.63415997475153,122.4043139577286,1361.169825293892,941.868911639535,730.3082416045709
169,02/21/2023,13.470851605455957,186.63415997475153,122.4043139577286,1361.169825293892,941.868911639535,730.3082416045709
170,02/22/2023,13.470851605455957,186.63415997475153,122.4043139577286,1361.169825293892,941.868911639535,730.3082416045709
171,02/23/2023,13.470851605455957,186.63415997475153,122.4043139577286,1361.169825293892,941.868911639535,730.3082416045709
172,02/24/2023,13.470851605455957,186.63415997475153,122.4043139577286,1361.169825293892,941.868911639535,730.3082416045709
173,02/25/2023,13.470851605455957,186.63415997475153,122.4043139577286,1361.169825293892,941.868911639535,730.3082416045709
174,02/27/2023,0.22505068122142177,251.66354951945667,2.3506214858533907,794.9239286296275,949.8602833431877,614.0057398870604
175,02/28/2023,0.22505068122142177,251.66354951945667,2.3506214858533907,794.9239286296275,949.8602833431877,614.0057398870604
176,03/01/2023,0.22505068122142177,251.66354951945667,2.3506214858533907,794.9239286296275,949.8602833431877,614.0057398870604
177,03/02/2023,0.22505068122142177,251.66354951945667,2.3506214858533907,794.9239286296275,949.8602833431877,614.0057398870604
178,03/03/2023,0.22505068122142177,251.66354951945667,2.3506214858533907,794.9239286296275,949.8602833431877,614.0057398870604
179,03/04/2023,0.22505068122142177,251.66354951945667,2.3506214858533907,794.9239286296275,949.8602833431877,614.0057398870604
180,03/06/2023,0.0,301.0222387014876,0.0,596.4745744886899,969.3943774203117,545.2868685017296
181,03/07/2023,0.0,301.0222387014876,0.0,596.4745744886899,969.3943774203117,545.2868685017296
182,03/08/2023,0.0,301.0222387014876,0.0,596.4745744886899,969.3943774203117,545.2868685017296
183,03/09/2023,0.0,301.0222387014876,0.0,596.4745744886899,969.3943774203117,545.2868685017296
184,03/10/2023,0.0,301.0222387014876,0.0,596.4745744886899,969.3943774203117,545.2868685017296
185,03/11/2023,0.0,301.0222387014876,0.0,596.4745744886899,969.3943774203117,545.2868685017296
186,03/13/2023,0.0,290.3017210799718,0.0,497.9540651950489,895.367990840715,489.5605660482337
187,03/14/2023,0.0,290.3017210799718,0.0,497.9540651950489,895.367990840715,489.5605660482337
188,03/15/2023,0.0,290.3017210799718,0.0,497.9540651950489,895.367990840715,489.5605660482337
189,03/16/2023,0.0,290.3017210799718,0.0,497.9540651950489,895.367990840715,489.5605660482337
190,03/17/2023,0.0,290.3017210799718,0.0,497.9540651950489,895.367990840715,489.5605660482337
191,03/18/2023,0.0,290.3017210799718,0.0,497.9540651950489,895.367990840715,489.5605660482337
192,03/20/2023,0.0,219.14783558343493,0.0,493.3233043653051,726.4445693097477,446.0880816043564
193,03/21/2023,0.0,219.14783558343493,0.0,493.3233043653051,726.4445693097477,446.0880816043564
194,03/22/2023,0.0,219.14783558343493,0.0,493.3233043653051,726.4445693097477,446.0880816043564
195,03/23/2023,0.0,219.14783558343493,0.0,493.3233043653051,726.4445693097477,446.0880816043564
196,03/24/2023,0.0,219.14783558343493,0.0,493.3233043653051,726.4445693097477,446.0880816043564
197,03/25/2023,0.0,219.14783558343493,0.0,493.3233043653051,726.4445693097477,446.0880816043564
198,03/27/2023,66.07424999999844,100.29013278801749,0.0,573.2154426692912,481.78935526515477,407.47873379348164
199,03/28/2023,66.07424999999844,100.29013278801749,0.0,573.2154426692912,481.78935526515477,407.47873379348164
200,03/29/2023,66.07424999999844,100.29013278801749,0.0,573.2154426692912,481.78935526515477,407.47873379348164
201,03/30/2023,66.07424999999844,100.29013278801749,0.0,573.2154426692912,481.78935526515477,407.47873379348164
202,03/31/2023,66.07424999999844,100.29013278801749,0.0,573.2154426692912,481.78935526515477,407.47873379348164
203,04/01/2023,66.07424999999844,100.29013278801749,0.0,573.2154426692912,481.78935526515477,407.47873379348164
204,04/03/2023,545.7243611111422,50.45999769984462,0.0,625.9184348877543,345.0803628537066,336.3616090584162
205,04/04/2023,545.7243611111422,50.45999769984462,0.0,625.9184348877543,345.0803628537066,336.3616090584162
206,04/05/2023,545.7243611111422,50.45999769984462,0.0,625.9184348877543,345.0803628537066,336.3616090584162
207,04/06/2023,545.7243611111422,50.45999769984462,0.0,625.9184348877543,345.0803628537066,336.3616090584162
208,04/07/2023,545.7243611111422,50.45999769984462,0.0,625.9184348877543,345.0803628537066,336.3616090584162
209,04/08/2023,545.7243611111422,50.45999769984462,0.0,625.9184348877543,345.0803628537066,336.3616090584162
210,04/10/2023,802.6797777777165,35.69098624367864,0.0,630.4717169294656,279.2952086529083,306.57373247624076
211,04/11/2023,802.6797777777165,35.69098624367864,0.0,630.4717169294656,279.2952086529083,306.57373247624076
212,04/12/2023,802.6797777777165,35.69098624367864,0.0,630.4717169294656,279.2952086529083,306.57373247624076
213,04/13/2023,802.6797777777165,35.69098624367864,0.0,630.4717169294656,279.2952086529083,306.57373247624076
214,04/14/2023,802.6797777777165,35.69098624367864,0.0,630.4717169294656,279.2952086529083,306.57373247624076
215,04/15/2023,802.6797777777165,35.69098624367864,0.0,630.4717169294656,279.2952086529083,306.57373247624076
216,04/17/2023,699.8976111111386,37.546408118666605,0.0,596.3109311641751,257.9450458641753,333.6837000240925
217,04/18/2023,699.8976111111386,37.546408118666605,0.0,596.3109311641751,257.9450458641753,333.6837000240925
218,04/19/2023,699.8976111111386,37.546408118666605,0.0,596.3109311641751,257.9450458641753,333.6837000240925
219,04/20/2023,699.8976111111386,37.546408118666605,0.0,596.3109311641751,257.9450458641753,333.6837000240925
220,04/21/2023,699.8976111111386,37.546408118666605,0.0,596.3109311641751,257.9450458641753,333.6837000240925
221,04/22/2023,699.8976111111386,37.546408118666605,0.0,596.3109311641751,257.9450458641753,333.6837000240925
222,04/24/2023,245.41864285714507,55.960734549551155,0.0,524.2666607792395,280.36239028605763,417.5274988406994
223,04/25/2023,245.41864285714507,55.960734549551155,0.0,524.2666607792395,280.36239028605763,417.5274988406994
224,04/26/2023,245.41864285714507,55.960734549551155,0.0,524.2666607792395,280.36239028605763,417.5274988406994
225,04/27/2023,245.41864285714507,55.960734549551155,0.0,524.2666607792395,280.36239028605763,417.5274988406994
226,04/28/2023,245.41864285714507,55.960734549551155,0.0,524.2666607792395,280.36239028605763,417.5274988406994
227,04/29/2023,245.41864285714507,55.960734549551155,0.0,524.2666607792395,280.36239028605763,417.5274988406994
228,05/01/2023,0.0,82.49299129574064,0.0,471.4099714077707,296.81636975955456,532.5410698791369
229,05/02/2023,0.0,82.49299129574064,0.0,471.4099714077707,296.81636975955456,532.5410698791369
230,05/03/2023,0.0,82.49299129574064,0.0,471.4099714077707,296.81636975955456,532.5410698791369
231,05/04/2023,0.0,82.49299129574064,0.0,471.4099714077707,296.81636975955456,532.5410698791369
232,05/05/2023,0.0,82.49299129574064,0.0,471.4099714077707,296.81636975955456,532.5410698791369
233,05/06/2023,0.0,82.49299129574064,0.0,471.4099714077707,296.81636975955456,532.5410698791369
234,05/08/2023,0.0,105.112740517659,0.0,438.91063383932294,294.64607207665676,635.1635198843086
235,05/09/2023,0.0,105.112740517659,0.0,438.91063383932294,294.64607207665676,635.1635198843086
236,05/10/2023,0.0,105.112740517659,0.0,438.91063383932294,294.64607207665676,635.1635198843086
237,05/11/2023,0.0,105.112740517659,0.0,438.91063383932294,294.64607207665676,635.1635198843086
238,05/12/2023,0.0,105.112740517659,0.0,438.91063383932294,294.64607207665676,635.1635198843086
239,05/13/2023,0.0,105.112740517659,0.0,438.91063383932294,294.64607207665676,635.1635198843086
240,05/15/2023,0.0,123.64256626047309,0.0,400.93794516552026,292.43490464772736,722.4549627341314
241,05/16/2023,0.0,123.64256626047309,0.0,400.93794516552026,292.43490464772736,722.4549627341314
242,05/17/2023,0.0,123.64256626047309,0.0,400.93794516552026,292.43490464772736,722.4549627341314
243,05/18/2023,0.0,123.64256626047309,0.0,400.93794516552026,292.43490464772736,722.4549627341314
244,05/19/2023,0.0,123.64256626047309,0.0,400.93794516552026,292.43490464772736,722.4549627341314
245,05/20/2023,0.0,123.64256626047309,0.0,400.93794516552026,292.43490464772736,722.4549627341314
246,05/22/2023,0.0,138.08246852444603,0.0,357.49190538714345,290.18286747332036,794.415398428924
247,05/23/2023,0.0,138.08246852444603,0.0,357.49190538714345,290.18286747332036,794.415398428924
248,05/24/2023,0.0,138.08246852444603,0.0,357.49190538714345,290.18286747332036,794.415398428924
249,05/25/2023,0.0,138.08246852444603,0.0,357.49190538714345,290.18286747332036,794.415398428924
250,05/26/2023,0.0,138.08246852444603,0.0,357.49190538714345,290.18286747332036,794.415398428924
251,05/27/2023,0.0,138.08246852444603,0.0,357.49190538714345,290.18286747332036,794.415398428924
252,05/29/2023,0.0,148.43244730961348,0.0,308.5725145030471,287.88996055363344,851.0448269688352
253,05/30/2023,0.0,148.43244730961348,0.0,308.5725145030471,287.88996055363344,851.0448269688352
254,05/31/2023,0.0,148.43244730961348,0.0,308.5725145030471,287.88996055363344,851.0448269688352
255,06/01/2023,0.0,148.43244730961348,0.0,308.5725145030471,287.88996055363344,851.0448269688352
256,06/02/2023,0.0,148.43244730961348,0.0,308.5725145030471,287.88996055363344,851.0448269688352
257,06/03/2023,0.0,148.43244730961348,0.0,308.5725145030471,287.88996055363344,851.0448269688352
