,date,total,0-4 yr,5-11 yr,12-17 yr,18-49 yr,50-64 yr,65+ yr,0-0.5 yr,0.5-1 yr,1-2 yr,2-4 yr
0,2021/10/04,428.3084388571428,310.80542428571425,16.34541085714286,1.7851901428571428,19.583544000000003,27.43426457142857,52.35460499999999,201.31714982142856,56.51007714285714,44.50168575,46.62081364285714
1,2021/10/05,428.3084388571428,310.80542428571425,16.34541085714286,1.7851901428571428,19.583544000000003,27.43426457142857,52.35460499999999,201.31714982142856,56.51007714285714,44.50168575,46.62081364285714
2,2021/10/06,428.3084388571428,310.80542428571425,16.34541085714286,1.7851901428571428,19.583544000000003,27.43426457142857,52.35460499999999,201.31714982142856,56.51007714285714,44.50168575,46.62081364285714
3,2021/10/07,428.3084388571428,310.80542428571425,16.34541085714286,1.7851901428571428,19.583544000000003,27.43426457142857,52.35460499999999,201.31714982142856,56.51007714285714,44.50168575,46.62081364285714
4,2021/10/08,428.3084388571428,310.80542428571425,16.34541085714286,1.7851901428571428,19.583544000000003,27.43426457142857,52.35460499999999,201.31714982142856,56.51007714285714,44.50168575,46.62081364285714
5,2021/10/09,428.3084388571428,310.80542428571425,16.34541085714286,1.7851901428571428,19.583544000000003,27.43426457142857,52.35460499999999,201.31714982142856,56.51007714285714,44.50168575,46.62081364285714
6,2021/10/10,428.3084388571428,310.80542428571425,16.34541085714286,1.7851901428571428,19.583544000000003,27.43426457142857,52.35460499999999,201.31714982142856,56.51007714285714,44.50168575,46.62081364285714
7,2021/10/11,482.5201452857143,341.8859667142857,24.518116285714285,1.7851901428571428,19.583544000000003,27.43426457142857,67.31306357142857,178.35993098214286,71.34397239285714,68.51846853571428,46.62081364285714
8,2021/10/12,482.5201452857143,341.8859667142857,24.518116285714285,1.7851901428571428,19.583544000000003,27.43426457142857,67.31306357142857,178.35993098214286,71.34397239285714,68.51846853571428,46.62081364285714
9,2021/10/13,482.5201452857143,341.8859667142857,24.518116285714285,1.7851901428571428,19.583544000000003,27.43426457142857,67.31306357142857,178.35993098214286,71.34397239285714,68.51846853571428,46.62081364285714
10,2021/10/14,482.5201452857143,341.8859667142857,24.518116285714285,1.7851901428571428,19.583544000000003,27.43426457142857,67.31306357142857,178.35993098214286,71.34397239285714,68.51846853571428,46.62081364285714
11,2021/10/15,482.5201452857143,341.8859667142857,24.518116285714285,1.7851901428571428,19.583544000000003,27.43426457142857,67.31306357142857,178.35993098214286,71.34397239285714,68.51846853571428,46.62081364285714
12,2021/10/16,482.5201452857143,341.8859667142857,24.518116285714285,1.7851901428571428,19.583544000000003,27.43426457142857,67.31306357142857,178.35993098214286,71.34397239285714,68.51846853571428,46.62081364285714
13,2021/10/17,482.5201452857143,341.8859667142857,24.518116285714285,1.7851901428571428,19.583544000000003,27.43426457142857,67.31306357142857,178.35993098214286,71.34397239285714,68.51846853571428,46.62081364285714
14,2021/10/18,501.706386,322.1074397142857,16.34541085714286,3.5703802857142857,39.16708800000001,45.723774285714285,74.79229285714285,174.12167519642855,56.51007714285714,68.51846853571428,39.557053999999994
15,2021/10/19,501.706386,322.1074397142857,16.34541085714286,3.5703802857142857,39.16708800000001,45.723774285714285,74.79229285714285,174.12167519642855,56.51007714285714,68.51846853571428,39.557053999999994
16,2021/10/20,501.706386,322.1074397142857,16.34541085714286,3.5703802857142857,39.16708800000001,45.723774285714285,74.79229285714285,174.12167519642855,56.51007714285714,68.51846853571428,39.557053999999994
17,2021/10/21,501.706386,322.1074397142857,16.34541085714286,3.5703802857142857,39.16708800000001,45.723774285714285,74.79229285714285,174.12167519642855,56.51007714285714,68.51846853571428,39.557053999999994
18,2021/10/22,501.706386,322.1074397142857,16.34541085714286,3.5703802857142857,39.16708800000001,45.723774285714285,74.79229285714285,174.12167519642855,56.51007714285714,68.51846853571428,39.557053999999994
19,2021/10/23,501.706386,322.1074397142857,16.34541085714286,3.5703802857142857,39.16708800000001,45.723774285714285,74.79229285714285,174.12167519642855,56.51007714285714,68.51846853571428,39.557053999999994
20,2021/10/24,501.706386,322.1074397142857,16.34541085714286,3.5703802857142857,39.16708800000001,45.723774285714285,74.79229285714285,174.12167519642855,56.51007714285714,68.51846853571428,39.557053999999994
21,2021/10/25,495.7085407142857,313.6309281428571,24.518116285714285,5.355570428571428,39.16708800000001,45.723774285714285,67.31306357142857,159.64096792857143,44.148497767857144,76.99498010714287,39.557053999999994
22,2021/10/26,495.7085407142857,313.6309281428571,24.518116285714285,5.355570428571428,39.16708800000001,45.723774285714285,67.31306357142857,159.64096792857143,44.148497767857144,76.99498010714287,39.557053999999994
23,2021/10/27,495.7085407142857,313.6309281428571,24.518116285714285,5.355570428571428,39.16708800000001,45.723774285714285,67.31306357142857,159.64096792857143,44.148497767857144,76.99498010714287,39.557053999999994
24,2021/10/28,495.7085407142857,313.6309281428571,24.518116285714285,5.355570428571428,39.16708800000001,45.723774285714285,67.31306357142857,159.64096792857143,44.148497767857144,76.99498010714287,39.557053999999994
25,2021/10/29,495.7085407142857,313.6309281428571,24.518116285714285,5.355570428571428,39.16708800000001,45.723774285714285,67.31306357142857,159.64096792857143,44.148497767857144,76.99498010714287,39.557053999999994
26,2021/10/30,495.7085407142857,313.6309281428571,24.518116285714285,5.355570428571428,39.16708800000001,45.723774285714285,67.31306357142857,159.64096792857143,44.148497767857144,76.99498010714287,39.557053999999994
27,2021/10/31,495.7085407142857,313.6309281428571,24.518116285714285,5.355570428571428,39.16708800000001,45.723774285714285,67.31306357142857,159.64096792857143,44.148497767857144,76.99498010714287,39.557053999999994
28,2021/11/01,528.912742,344.71147057142855,24.518116285714285,0.0,39.16708800000001,45.723774285714285,74.79229285714285,214.03191717857143,58.62920503571429,64.28021274999999,36.731550142857145
29,2021/11/02,528.912742,344.71147057142855,24.518116285714285,0.0,39.16708800000001,45.723774285714285,74.79229285714285,214.03191717857143,58.62920503571429,64.28021274999999,36.731550142857145
30,2021/11/03,528.912742,344.71147057142855,24.518116285714285,0.0,39.16708800000001,45.723774285714285,74.79229285714285,214.03191717857143,58.62920503571429,64.28021274999999,36.731550142857145
31,2021/11/04,528.912742,344.71147057142855,24.518116285714285,0.0,39.16708800000001,45.723774285714285,74.79229285714285,214.03191717857143,58.62920503571429,64.28021274999999,36.731550142857145
32,2021/11/05,528.912742,344.71147057142855,24.518116285714285,0.0,39.16708800000001,45.723774285714285,74.79229285714285,214.03191717857143,58.62920503571429,64.28021274999999,36.731550142857145
33,2021/11/06,528.912742,344.71147057142855,24.518116285714285,0.0,39.16708800000001,45.723774285714285,74.79229285714285,214.03191717857143,58.62920503571429,64.28021274999999,36.731550142857145
34,2021/11/07,528.912742,344.71147057142855,24.518116285714285,0.0,39.16708800000001,45.723774285714285,74.79229285714285,214.03191717857143,58.62920503571429,64.28021274999999,36.731550142857145
35,2021/11/08,539.6521065714286,333.40945514285715,20.431763571428572,5.355570428571428,39.16708800000001,36.57901942857143,104.70920999999998,222.50842875,42.029369875,60.04195696428572,38.14430207142858
36,2021/11/09,539.6521065714286,333.40945514285715,20.431763571428572,5.355570428571428,39.16708800000001,36.57901942857143,104.70920999999998,222.50842875,42.029369875,60.04195696428572,38.14430207142858
37,2021/11/10,539.6521065714286,333.40945514285715,20.431763571428572,5.355570428571428,39.16708800000001,36.57901942857143,104.70920999999998,222.50842875,42.029369875,60.04195696428572,38.14430207142858
38,2021/11/11,539.6521065714286,333.40945514285715,20.431763571428572,5.355570428571428,39.16708800000001,36.57901942857143,104.70920999999998,222.50842875,42.029369875,60.04195696428572,38.14430207142858
39,2021/11/12,539.6521065714286,333.40945514285715,20.431763571428572,5.355570428571428,39.16708800000001,36.57901942857143,104.70920999999998,222.50842875,42.029369875,60.04195696428572,38.14430207142858
40,2021/11/13,539.6521065714286,333.40945514285715,20.431763571428572,5.355570428571428,39.16708800000001,36.57901942857143,104.70920999999998,222.50842875,42.029369875,60.04195696428572,38.14430207142858
41,2021/11/14,539.6521065714286,333.40945514285715,20.431763571428572,5.355570428571428,39.16708800000001,36.57901942857143,104.70920999999998,222.50842875,42.029369875,60.04195696428572,38.14430207142858
42,2021/11/15,557.7285154285715,361.66449371428575,32.69082171428572,5.355570428571428,39.16708800000001,36.57901942857143,82.27152214285715,188.95557044642857,79.82048396428571,67.81209257142856,56.51007714285714
43,2021/11/16,557.7285154285715,361.66449371428575,32.69082171428572,5.355570428571428,39.16708800000001,36.57901942857143,82.27152214285715,188.95557044642857,79.82048396428571,67.81209257142856,56.51007714285714
44,2021/11/17,557.7285154285715,361.66449371428575,32.69082171428572,5.355570428571428,39.16708800000001,36.57901942857143,82.27152214285715,188.95557044642857,79.82048396428571,67.81209257142856,56.51007714285714
45,2021/11/18,557.7285154285715,361.66449371428575,32.69082171428572,5.355570428571428,39.16708800000001,36.57901942857143,82.27152214285715,188.95557044642857,79.82048396428571,67.81209257142856,56.51007714285714
46,2021/11/19,557.7285154285715,361.66449371428575,32.69082171428572,5.355570428571428,39.16708800000001,36.57901942857143,82.27152214285715,188.95557044642857,79.82048396428571,67.81209257142856,56.51007714285714
47,2021/11/20,557.7285154285715,361.66449371428575,32.69082171428572,5.355570428571428,39.16708800000001,36.57901942857143,82.27152214285715,188.95557044642857,79.82048396428571,67.81209257142856,56.51007714285714
48,2021/11/21,557.7285154285715,361.66449371428575,32.69082171428572,5.355570428571428,39.16708800000001,36.57901942857143,82.27152214285715,188.95557044642857,79.82048396428571,67.81209257142856,56.51007714285714
49,2021/11/22,509.43802114285717,333.40945514285715,16.34541085714286,0.0,39.16708800000001,45.723774285714285,74.79229285714285,203.43627771428572,44.148497767857144,66.39934064285714,43.79530978571429
50,2021/11/23,509.43802114285717,333.40945514285715,16.34541085714286,0.0,39.16708800000001,45.723774285714285,74.79229285714285,203.43627771428572,44.148497767857144,66.39934064285714,43.79530978571429
51,2021/11/24,509.43802114285717,333.40945514285715,16.34541085714286,0.0,39.16708800000001,45.723774285714285,74.79229285714285,203.43627771428572,44.148497767857144,66.39934064285714,43.79530978571429
52,2021/11/25,509.43802114285717,333.40945514285715,16.34541085714286,0.0,39.16708800000001,45.723774285714285,74.79229285714285,203.43627771428572,44.148497767857144,66.39934064285714,43.79530978571429
53,2021/11/26,509.43802114285717,333.40945514285715,16.34541085714286,0.0,39.16708800000001,45.723774285714285,74.79229285714285,203.43627771428572,44.148497767857144,66.39934064285714,43.79530978571429
54,2021/11/27,509.43802114285717,333.40945514285715,16.34541085714286,0.0,39.16708800000001,45.723774285714285,74.79229285714285,203.43627771428572,44.148497767857144,66.39934064285714,43.79530978571429
55,2021/11/28,509.43802114285717,333.40945514285715,16.34541085714286,0.0,39.16708800000001,45.723774285714285,74.79229285714285,203.43627771428572,44.148497767857144,66.39934064285714,43.79530978571429
56,2021/11/29,594.9219252857143,353.18798214285715,20.431763571428572,1.7851901428571428,39.16708800000001,45.723774285714285,134.62612714285714,216.15104507142857,64.9865887142857,74.87585221428571,18.365775071428573
57,2021/11/30,594.9219252857143,353.18798214285715,20.431763571428572,1.7851901428571428,39.16708800000001,45.723774285714285,134.62612714285714,216.15104507142857,64.9865887142857,74.87585221428571,18.365775071428573
58,2021/12/01,594.9219252857143,353.18798214285715,20.431763571428572,1.7851901428571428,39.16708800000001,45.723774285714285,134.62612714285714,216.15104507142857,64.9865887142857,74.87585221428571,18.365775071428573
59,2021/12/02,594.9219252857143,353.18798214285715,20.431763571428572,1.7851901428571428,39.16708800000001,45.723774285714285,134.62612714285714,216.15104507142857,64.9865887142857,74.87585221428571,18.365775071428573
60,2021/12/03,594.9219252857143,353.18798214285715,20.431763571428572,1.7851901428571428,39.16708800000001,45.723774285714285,134.62612714285714,216.15104507142857,64.9865887142857,74.87585221428571,18.365775071428573
61,2021/12/04,594.9219252857143,353.18798214285715,20.431763571428572,1.7851901428571428,39.16708800000001,45.723774285714285,134.62612714285714,216.15104507142857,64.9865887142857,74.87585221428571,18.365775071428573
62,2021/12/05,594.9219252857143,353.18798214285715,20.431763571428572,1.7851901428571428,39.16708800000001,45.723774285714285,134.62612714285714,216.15104507142857,64.9865887142857,74.87585221428571,18.365775071428573
63,2021/12/06,645.7090834285714,372.9665091428571,12.259058142857143,3.5703802857142857,39.16708800000001,45.723774285714285,172.02227357142854,197.43208201785714,73.46310028571429,69.93122046428572,62.16108485714286
64,2021/12/07,645.7090834285714,372.9665091428571,12.259058142857143,3.5703802857142857,39.16708800000001,45.723774285714285,172.02227357142854,197.43208201785714,73.46310028571429,69.93122046428572,62.16108485714286
65,2021/12/08,645.7090834285714,372.9665091428571,12.259058142857143,3.5703802857142857,39.16708800000001,45.723774285714285,172.02227357142854,197.43208201785714,73.46310028571429,69.93122046428572,62.16108485714286
66,2021/12/09,645.7090834285714,372.9665091428571,12.259058142857143,3.5703802857142857,39.16708800000001,45.723774285714285,172.02227357142854,197.43208201785714,73.46310028571429,69.93122046428572,62.16108485714286
67,2021/12/10,645.7090834285714,372.9665091428571,12.259058142857143,3.5703802857142857,39.16708800000001,45.723774285714285,172.02227357142854,197.43208201785714,73.46310028571429,69.93122046428572,62.16108485714286
68,2021/12/11,645.7090834285714,372.9665091428571,12.259058142857143,3.5703802857142857,39.16708800000001,45.723774285714285,172.02227357142854,197.43208201785714,73.46310028571429,69.93122046428572,62.16108485714286
69,2021/12/12,645.7090834285714,372.9665091428571,12.259058142857143,3.5703802857142857,39.16708800000001,45.723774285714285,172.02227357142854,197.43208201785714,73.46310028571429,69.93122046428572,62.16108485714286
70,2021/12/13,581.6317841428572,327.7584474285714,32.69082171428572,0.0,39.16708800000001,54.86852914285714,127.14689785714285,172.00254730357145,62.86746082142857,65.69296467857143,49.4463175
71,2021/12/14,581.6317841428572,327.7584474285714,32.69082171428572,0.0,39.16708800000001,54.86852914285714,127.14689785714285,172.00254730357145,62.86746082142857,65.69296467857143,49.4463175
72,2021/12/15,581.6317841428572,327.7584474285714,32.69082171428572,0.0,39.16708800000001,54.86852914285714,127.14689785714285,172.00254730357145,62.86746082142857,65.69296467857143,49.4463175
73,2021/12/16,581.6317841428572,327.7584474285714,32.69082171428572,0.0,39.16708800000001,54.86852914285714,127.14689785714285,172.00254730357145,62.86746082142857,65.69296467857143,49.4463175
74,2021/12/17,581.6317841428572,327.7584474285714,32.69082171428572,0.0,39.16708800000001,54.86852914285714,127.14689785714285,172.00254730357145,62.86746082142857,65.69296467857143,49.4463175
75,2021/12/18,581.6317841428572,327.7584474285714,32.69082171428572,0.0,39.16708800000001,54.86852914285714,127.14689785714285,172.00254730357145,62.86746082142857,65.69296467857143,49.4463175
76,2021/12/19,581.6317841428572,327.7584474285714,32.69082171428572,0.0,39.16708800000001,54.86852914285714,127.14689785714285,172.00254730357145,62.86746082142857,65.69296467857143,49.4463175
77,2021/12/20,507.12837014285714,251.4698432857143,32.69082171428572,1.7851901428571428,39.16708800000001,54.86852914285714,127.14689785714285,159.64096792857143,39.91024198214286,48.03356557142857,24.016782785714284
78,2021/12/21,507.12837014285714,251.4698432857143,32.69082171428572,1.7851901428571428,39.16708800000001,54.86852914285714,127.14689785714285,159.64096792857143,39.91024198214286,48.03356557142857,24.016782785714284
79,2021/12/22,507.12837014285714,251.4698432857143,32.69082171428572,1.7851901428571428,39.16708800000001,54.86852914285714,127.14689785714285,159.64096792857143,39.91024198214286,48.03356557142857,24.016782785714284
80,2021/12/23,507.12837014285714,251.4698432857143,32.69082171428572,1.7851901428571428,39.16708800000001,54.86852914285714,127.14689785714285,159.64096792857143,39.91024198214286,48.03356557142857,24.016782785714284
81,2021/12/24,507.12837014285714,251.4698432857143,32.69082171428572,1.7851901428571428,39.16708800000001,54.86852914285714,127.14689785714285,159.64096792857143,39.91024198214286,48.03356557142857,24.016782785714284
82,2021/12/25,507.12837014285714,251.4698432857143,32.69082171428572,1.7851901428571428,39.16708800000001,54.86852914285714,127.14689785714285,159.64096792857143,39.91024198214286,48.03356557142857,24.016782785714284
83,2021/12/26,507.12837014285714,251.4698432857143,32.69082171428572,1.7851901428571428,39.16708800000001,54.86852914285714,127.14689785714285,159.64096792857143,39.91024198214286,48.03356557142857,24.016782785714284
84,2021/12/27,552.4197028571427,310.80542428571425,20.431763571428572,0.0,39.16708800000001,54.86852914285714,127.14689785714285,172.00254730357145,67.10571660714285,59.335581000000005,38.14430207142858
85,2021/12/28,552.4197028571427,310.80542428571425,20.431763571428572,0.0,39.16708800000001,54.86852914285714,127.14689785714285,172.00254730357145,67.10571660714285,59.335581000000005,38.14430207142858
86,2021/12/29,552.4197028571427,310.80542428571425,20.431763571428572,0.0,39.16708800000001,54.86852914285714,127.14689785714285,172.00254730357145,67.10571660714285,59.335581000000005,38.14430207142858
87,2021/12/30,552.4197028571427,310.80542428571425,20.431763571428572,0.0,39.16708800000001,54.86852914285714,127.14689785714285,172.00254730357145,67.10571660714285,59.335581000000005,38.14430207142858
88,2021/12/31,552.4197028571427,310.80542428571425,20.431763571428572,0.0,39.16708800000001,54.86852914285714,127.14689785714285,172.00254730357145,67.10571660714285,59.335581000000005,38.14430207142858
89,2022/01/01,552.4197028571427,310.80542428571425,20.431763571428572,0.0,39.16708800000001,54.86852914285714,127.14689785714285,172.00254730357145,67.10571660714285,59.335581000000005,38.14430207142858
90,2022/01/02,552.4197028571427,310.80542428571425,20.431763571428572,0.0,39.16708800000001,54.86852914285714,127.14689785714285,172.00254730357145,67.10571660714285,59.335581000000005,38.14430207142858
91,2022/01/03,404.2837344285714,197.78527,12.259058142857143,1.7851901428571428,19.583544000000003,45.723774285714285,127.14689785714285,121.84985383928571,39.91024198214286,35.318798214285714,19.778526999999997
92,2022/01/04,404.2837344285714,197.78527,12.259058142857143,1.7851901428571428,19.583544000000003,45.723774285714285,127.14689785714285,121.84985383928571,39.91024198214286,35.318798214285714,19.778526999999997
93,2022/01/05,404.2837344285714,197.78527,12.259058142857143,1.7851901428571428,19.583544000000003,45.723774285714285,127.14689785714285,121.84985383928571,39.91024198214286,35.318798214285714,19.778526999999997
94,2022/01/06,404.2837344285714,197.78527,12.259058142857143,1.7851901428571428,19.583544000000003,45.723774285714285,127.14689785714285,121.84985383928571,39.91024198214286,35.318798214285714,19.778526999999997
95,2022/01/07,404.2837344285714,197.78527,12.259058142857143,1.7851901428571428,19.583544000000003,45.723774285714285,127.14689785714285,121.84985383928571,39.91024198214286,35.318798214285714,19.778526999999997
96,2022/01/08,404.2837344285714,197.78527,12.259058142857143,1.7851901428571428,19.583544000000003,45.723774285714285,127.14689785714285,121.84985383928571,39.91024198214286,35.318798214285714,19.778526999999997
97,2022/01/09,404.2837344285714,197.78527,12.259058142857143,1.7851901428571428,19.583544000000003,45.723774285714285,127.14689785714285,121.84985383928571,39.91024198214286,35.318798214285714,19.778526999999997
98,2022/01/10,227.00418885714285,110.19465042857142,8.17270542857143,1.7851901428571428,19.583544000000003,27.43426457142857,59.83383428571429,69.2248445,20.838090946428572,21.897654892857144,5.651007714285715
99,2022/01/11,227.00418885714285,110.19465042857142,8.17270542857143,1.7851901428571428,19.583544000000003,27.43426457142857,59.83383428571429,69.2248445,20.838090946428572,21.897654892857144,5.651007714285715
100,2022/01/12,227.00418885714285,110.19465042857142,8.17270542857143,1.7851901428571428,19.583544000000003,27.43426457142857,59.83383428571429,69.2248445,20.838090946428572,21.897654892857144,5.651007714285715
101,2022/01/13,227.00418885714285,110.19465042857142,8.17270542857143,1.7851901428571428,19.583544000000003,27.43426457142857,59.83383428571429,69.2248445,20.838090946428572,21.897654892857144,5.651007714285715
102,2022/01/14,227.00418885714285,110.19465042857142,8.17270542857143,1.7851901428571428,19.583544000000003,27.43426457142857,59.83383428571429,69.2248445,20.838090946428572,21.897654892857144,5.651007714285715
103,2022/01/15,227.00418885714285,110.19465042857142,8.17270542857143,1.7851901428571428,19.583544000000003,27.43426457142857,59.83383428571429,69.2248445,20.838090946428572,21.897654892857144,5.651007714285715
104,2022/01/16,227.00418885714285,110.19465042857142,8.17270542857143,1.7851901428571428,19.583544000000003,27.43426457142857,59.83383428571429,69.2248445,20.838090946428572,21.897654892857144,5.651007714285715
105,2022/01/17,184.73013485714284,90.41612342857144,4.086352714285715,0.0,19.583544000000003,18.289509714285714,52.35460499999999,60.74833292857142,12.714767357142858,18.365775071428573,4.238255785714285
106,2022/01/18,184.73013485714284,90.41612342857144,4.086352714285715,0.0,19.583544000000003,18.289509714285714,52.35460499999999,60.74833292857142,12.714767357142858,18.365775071428573,4.238255785714285
107,2022/01/19,184.73013485714284,90.41612342857144,4.086352714285715,0.0,19.583544000000003,18.289509714285714,52.35460499999999,60.74833292857142,12.714767357142858,18.365775071428573,4.238255785714285
108,2022/01/20,184.73013485714284,90.41612342857144,4.086352714285715,0.0,19.583544000000003,18.289509714285714,52.35460499999999,60.74833292857142,12.714767357142858,18.365775071428573,4.238255785714285
109,2022/01/21,184.73013485714284,90.41612342857144,4.086352714285715,0.0,19.583544000000003,18.289509714285714,52.35460499999999,60.74833292857142,12.714767357142858,18.365775071428573,4.238255785714285
110,2022/01/22,184.73013485714284,90.41612342857144,4.086352714285715,0.0,19.583544000000003,18.289509714285714,52.35460499999999,60.74833292857142,12.714767357142858,18.365775071428573,4.238255785714285
111,2022/01/23,184.73013485714284,90.41612342857144,4.086352714285715,0.0,19.583544000000003,18.289509714285714,52.35460499999999,60.74833292857142,12.714767357142858,18.365775071428573,4.238255785714285
112,2022/01/24,84.96320985714286,45.20806171428572,8.17270542857143,0.0,0.0,9.144754857142857,22.437687857142855,22.957218839285716,6.357383678571429,11.30201542857143,5.651007714285715
113,2022/01/25,84.96320985714286,45.20806171428572,8.17270542857143,0.0,0.0,9.144754857142857,22.437687857142855,22.957218839285716,6.357383678571429,11.30201542857143,5.651007714285715
114,2022/01/26,84.96320985714286,45.20806171428572,8.17270542857143,0.0,0.0,9.144754857142857,22.437687857142855,22.957218839285716,6.357383678571429,11.30201542857143,5.651007714285715
115,2022/01/27,84.96320985714286,45.20806171428572,8.17270542857143,0.0,0.0,9.144754857142857,22.437687857142855,22.957218839285716,6.357383678571429,11.30201542857143,5.651007714285715
116,2022/01/28,84.96320985714286,45.20806171428572,8.17270542857143,0.0,0.0,9.144754857142857,22.437687857142855,22.957218839285716,6.357383678571429,11.30201542857143,5.651007714285715
117,2022/01/29,84.96320985714286,45.20806171428572,8.17270542857143,0.0,0.0,9.144754857142857,22.437687857142855,22.957218839285716,6.357383678571429,11.30201542857143,5.651007714285715
118,2022/01/30,84.96320985714286,45.20806171428572,8.17270542857143,0.0,0.0,9.144754857142857,22.437687857142855,22.957218839285716,6.357383678571429,11.30201542857143,5.651007714285715
119,2022/01/31,102.48360571428573,59.335581000000005,4.086352714285715,0.0,0.0,9.144754857142857,29.916917142857145,29.314602517857146,16.95302314285714,12.714767357142858,4.238255785714285
120,2022/02/01,102.48360571428573,59.335581000000005,4.086352714285715,0.0,0.0,9.144754857142857,29.916917142857145,29.314602517857146,16.95302314285714,12.714767357142858,4.238255785714285
121,2022/02/02,102.48360571428573,59.335581000000005,4.086352714285715,0.0,0.0,9.144754857142857,29.916917142857145,29.314602517857146,16.95302314285714,12.714767357142858,4.238255785714285
122,2022/02/03,102.48360571428573,59.335581000000005,4.086352714285715,0.0,0.0,9.144754857142857,29.916917142857145,29.314602517857146,16.95302314285714,12.714767357142858,4.238255785714285
123,2022/02/04,102.48360571428573,59.335581000000005,4.086352714285715,0.0,0.0,9.144754857142857,29.916917142857145,29.314602517857146,16.95302314285714,12.714767357142858,4.238255785714285
124,2022/02/05,102.48360571428573,59.335581000000005,4.086352714285715,0.0,0.0,9.144754857142857,29.916917142857145,29.314602517857146,16.95302314285714,12.714767357142858,4.238255785714285
125,2022/02/06,102.48360571428573,59.335581000000005,4.086352714285715,0.0,0.0,9.144754857142857,29.916917142857145,29.314602517857146,16.95302314285714,12.714767357142858,4.238255785714285
126,2022/02/07,60.53095742857143,28.25503857142857,8.17270542857143,0.0,0.0,9.144754857142857,14.958458571428572,20.838090946428572,6.357383678571429,2.8255038571428575,1.4127519285714287
127,2022/02/08,60.53095742857143,28.25503857142857,8.17270542857143,0.0,0.0,9.144754857142857,14.958458571428572,20.838090946428572,6.357383678571429,2.8255038571428575,1.4127519285714287
128,2022/02/09,60.53095742857143,28.25503857142857,8.17270542857143,0.0,0.0,9.144754857142857,14.958458571428572,20.838090946428572,6.357383678571429,2.8255038571428575,1.4127519285714287
129,2022/02/10,60.53095742857143,28.25503857142857,8.17270542857143,0.0,0.0,9.144754857142857,14.958458571428572,20.838090946428572,6.357383678571429,2.8255038571428575,1.4127519285714287
130,2022/02/11,60.53095742857143,28.25503857142857,8.17270542857143,0.0,0.0,9.144754857142857,14.958458571428572,20.838090946428572,6.357383678571429,2.8255038571428575,1.4127519285714287
131,2022/02/12,60.53095742857143,28.25503857142857,8.17270542857143,0.0,0.0,9.144754857142857,14.958458571428572,20.838090946428572,6.357383678571429,2.8255038571428575,1.4127519285714287
132,2022/02/13,60.53095742857143,28.25503857142857,8.17270542857143,0.0,0.0,9.144754857142857,14.958458571428572,20.838090946428572,6.357383678571429,2.8255038571428575,1.4127519285714287
133,2022/02/14,78.05135328571428,42.38255785714286,4.086352714285715,0.0,0.0,9.144754857142857,22.437687857142855,31.433730410714286,4.238255785714285,6.357383678571429,4.238255785714285
134,2022/02/15,78.05135328571428,42.38255785714286,4.086352714285715,0.0,0.0,9.144754857142857,22.437687857142855,31.433730410714286,4.238255785714285,6.357383678571429,4.238255785714285
135,2022/02/16,78.05135328571428,42.38255785714286,4.086352714285715,0.0,0.0,9.144754857142857,22.437687857142855,31.433730410714286,4.238255785714285,6.357383678571429,4.238255785714285
136,2022/02/17,78.05135328571428,42.38255785714286,4.086352714285715,0.0,0.0,9.144754857142857,22.437687857142855,31.433730410714286,4.238255785714285,6.357383678571429,4.238255785714285
137,2022/02/18,78.05135328571428,42.38255785714286,4.086352714285715,0.0,0.0,9.144754857142857,22.437687857142855,31.433730410714286,4.238255785714285,6.357383678571429,4.238255785714285
138,2022/02/19,78.05135328571428,42.38255785714286,4.086352714285715,0.0,0.0,9.144754857142857,22.437687857142855,31.433730410714286,4.238255785714285,6.357383678571429,4.238255785714285
139,2022/02/20,78.05135328571428,42.38255785714286,4.086352714285715,0.0,0.0,9.144754857142857,22.437687857142855,31.433730410714286,4.238255785714285,6.357383678571429,4.238255785714285
140,2022/02/21,81.87413942857143,53.68457328571428,4.086352714285715,0.0,0.0,9.144754857142857,14.958458571428572,22.957218839285716,20.838090946428572,8.47651157142857,5.651007714285715
141,2022/02/22,81.87413942857143,53.68457328571428,4.086352714285715,0.0,0.0,9.144754857142857,14.958458571428572,22.957218839285716,20.838090946428572,8.47651157142857,5.651007714285715
142,2022/02/23,81.87413942857143,53.68457328571428,4.086352714285715,0.0,0.0,9.144754857142857,14.958458571428572,22.957218839285716,20.838090946428572,8.47651157142857,5.651007714285715
143,2022/02/24,81.87413942857143,53.68457328571428,4.086352714285715,0.0,0.0,9.144754857142857,14.958458571428572,22.957218839285716,20.838090946428572,8.47651157142857,5.651007714285715
144,2022/02/25,81.87413942857143,53.68457328571428,4.086352714285715,0.0,0.0,9.144754857142857,14.958458571428572,22.957218839285716,20.838090946428572,8.47651157142857,5.651007714285715
145,2022/02/26,81.87413942857143,53.68457328571428,4.086352714285715,0.0,0.0,9.144754857142857,14.958458571428572,22.957218839285716,20.838090946428572,8.47651157142857,5.651007714285715
146,2022/02/27,81.87413942857143,53.68457328571428,4.086352714285715,0.0,0.0,9.144754857142857,14.958458571428572,22.957218839285716,20.838090946428572,8.47651157142857,5.651007714285715
147,2022/02/28,66.48577128571429,42.38255785714286,0.0,0.0,0.0,9.144754857142857,14.958458571428572,25.076346732142856,10.595639464285714,7.063759642857143,1.4127519285714287
148,2022/03/01,66.48577128571429,42.38255785714286,0.0,0.0,0.0,9.144754857142857,14.958458571428572,25.076346732142856,10.595639464285714,7.063759642857143,1.4127519285714287
149,2022/03/02,66.48577128571429,42.38255785714286,0.0,0.0,0.0,9.144754857142857,14.958458571428572,25.076346732142856,10.595639464285714,7.063759642857143,1.4127519285714287
150,2022/03/03,66.48577128571429,42.38255785714286,0.0,0.0,0.0,9.144754857142857,14.958458571428572,25.076346732142856,10.595639464285714,7.063759642857143,1.4127519285714287
151,2022/03/04,66.48577128571429,42.38255785714286,0.0,0.0,0.0,9.144754857142857,14.958458571428572,25.076346732142856,10.595639464285714,7.063759642857143,1.4127519285714287
152,2022/03/05,66.48577128571429,42.38255785714286,0.0,0.0,0.0,9.144754857142857,14.958458571428572,25.076346732142856,10.595639464285714,7.063759642857143,1.4127519285714287
153,2022/03/06,66.48577128571429,42.38255785714286,0.0,0.0,0.0,9.144754857142857,14.958458571428572,25.076346732142856,10.595639464285714,7.063759642857143,1.4127519285714287
154,2022/03/07,90.61421757142858,50.85906942857143,8.17270542857143,0.0,0.0,9.144754857142857,22.437687857142855,33.552858303571426,8.47651157142857,6.357383678571429,9.889263499999998
155,2022/03/08,90.61421757142858,50.85906942857143,8.17270542857143,0.0,0.0,9.144754857142857,22.437687857142855,33.552858303571426,8.47651157142857,6.357383678571429,9.889263499999998
156,2022/03/09,90.61421757142858,50.85906942857143,8.17270542857143,0.0,0.0,9.144754857142857,22.437687857142855,33.552858303571426,8.47651157142857,6.357383678571429,9.889263499999998
157,2022/03/10,90.61421757142858,50.85906942857143,8.17270542857143,0.0,0.0,9.144754857142857,22.437687857142855,33.552858303571426,8.47651157142857,6.357383678571429,9.889263499999998
158,2022/03/11,90.61421757142858,50.85906942857143,8.17270542857143,0.0,0.0,9.144754857142857,22.437687857142855,33.552858303571426,8.47651157142857,6.357383678571429,9.889263499999998
159,2022/03/12,90.61421757142858,50.85906942857143,8.17270542857143,0.0,0.0,9.144754857142857,22.437687857142855,33.552858303571426,8.47651157142857,6.357383678571429,9.889263499999998
160,2022/03/13,90.61421757142858,50.85906942857143,8.17270542857143,0.0,0.0,9.144754857142857,22.437687857142855,33.552858303571426,8.47651157142857,6.357383678571429,9.889263499999998
161,2022/03/14,88.76076314285714,48.03356557142857,0.0,0.0,0.0,18.289509714285714,22.437687857142855,16.95302314285714,14.833895250000001,12.714767357142858,4.238255785714285
162,2022/03/15,88.76076314285714,48.03356557142857,0.0,0.0,0.0,18.289509714285714,22.437687857142855,16.95302314285714,14.833895250000001,12.714767357142858,4.238255785714285
163,2022/03/16,88.76076314285714,48.03356557142857,0.0,0.0,0.0,18.289509714285714,22.437687857142855,16.95302314285714,14.833895250000001,12.714767357142858,4.238255785714285
164,2022/03/17,88.76076314285714,48.03356557142857,0.0,0.0,0.0,18.289509714285714,22.437687857142855,16.95302314285714,14.833895250000001,12.714767357142858,4.238255785714285
165,2022/03/18,88.76076314285714,48.03356557142857,0.0,0.0,0.0,18.289509714285714,22.437687857142855,16.95302314285714,14.833895250000001,12.714767357142858,4.238255785714285
166,2022/03/19,88.76076314285714,48.03356557142857,0.0,0.0,0.0,18.289509714285714,22.437687857142855,16.95302314285714,14.833895250000001,12.714767357142858,4.238255785714285
167,2022/03/20,88.76076314285714,48.03356557142857,0.0,0.0,0.0,18.289509714285714,22.437687857142855,16.95302314285714,14.833895250000001,12.714767357142858,4.238255785714285
168,2022/03/21,66.70630642857142,36.731550142857145,4.086352714285715,1.7851901428571428,0.0,9.144754857142857,14.958458571428572,22.957218839285716,4.238255785714285,9.182887535714286,0.0
169,2022/03/22,66.70630642857142,36.731550142857145,4.086352714285715,1.7851901428571428,0.0,9.144754857142857,14.958458571428572,22.957218839285716,4.238255785714285,9.182887535714286,0.0
170,2022/03/23,66.70630642857142,36.731550142857145,4.086352714285715,1.7851901428571428,0.0,9.144754857142857,14.958458571428572,22.957218839285716,4.238255785714285,9.182887535714286,0.0
171,2022/03/24,66.70630642857142,36.731550142857145,4.086352714285715,1.7851901428571428,0.0,9.144754857142857,14.958458571428572,22.957218839285716,4.238255785714285,9.182887535714286,0.0
172,2022/03/25,66.70630642857142,36.731550142857145,4.086352714285715,1.7851901428571428,0.0,9.144754857142857,14.958458571428572,22.957218839285716,4.238255785714285,9.182887535714286,0.0
173,2022/03/26,66.70630642857142,36.731550142857145,4.086352714285715,1.7851901428571428,0.0,9.144754857142857,14.958458571428572,22.957218839285716,4.238255785714285,9.182887535714286,0.0
174,2022/03/27,66.70630642857142,36.731550142857145,4.086352714285715,1.7851901428571428,0.0,9.144754857142857,14.958458571428572,22.957218839285716,4.238255785714285,9.182887535714286,0.0
175,2022/03/28,73.92196914285714,48.03356557142857,0.0,1.7851901428571428,0.0,9.144754857142857,14.958458571428572,27.195474625,12.714767357142858,9.182887535714286,4.238255785714285
176,2022/03/29,73.92196914285714,48.03356557142857,0.0,1.7851901428571428,0.0,9.144754857142857,14.958458571428572,27.195474625,12.714767357142858,9.182887535714286,4.238255785714285
177,2022/03/30,73.92196914285714,48.03356557142857,0.0,1.7851901428571428,0.0,9.144754857142857,14.958458571428572,27.195474625,12.714767357142858,9.182887535714286,4.238255785714285
178,2022/03/31,73.92196914285714,48.03356557142857,0.0,1.7851901428571428,0.0,9.144754857142857,14.958458571428572,27.195474625,12.714767357142858,9.182887535714286,4.238255785714285
179,2022/04/01,73.92196914285714,48.03356557142857,0.0,1.7851901428571428,0.0,9.144754857142857,14.958458571428572,27.195474625,12.714767357142858,9.182887535714286,4.238255785714285
180,2022/04/02,73.92196914285714,48.03356557142857,0.0,1.7851901428571428,0.0,9.144754857142857,14.958458571428572,27.195474625,12.714767357142858,9.182887535714286,4.238255785714285
181,2022/04/03,73.92196914285714,48.03356557142857,0.0,1.7851901428571428,0.0,9.144754857142857,14.958458571428572,27.195474625,12.714767357142858,9.182887535714286,4.238255785714285
182,2022/04/04,88.35608642857144,45.20806171428572,4.086352714285715,0.0,0.0,9.144754857142857,29.916917142857145,27.195474625,14.833895250000001,4.238255785714285,8.47651157142857
183,2022/04/05,88.35608642857144,45.20806171428572,4.086352714285715,0.0,0.0,9.144754857142857,29.916917142857145,27.195474625,14.833895250000001,4.238255785714285,8.47651157142857
184,2022/04/06,88.35608642857144,45.20806171428572,4.086352714285715,0.0,0.0,9.144754857142857,29.916917142857145,27.195474625,14.833895250000001,4.238255785714285,8.47651157142857
185,2022/04/07,88.35608642857144,45.20806171428572,4.086352714285715,0.0,0.0,9.144754857142857,29.916917142857145,27.195474625,14.833895250000001,4.238255785714285,8.47651157142857
186,2022/04/08,88.35608642857144,45.20806171428572,4.086352714285715,0.0,0.0,9.144754857142857,29.916917142857145,27.195474625,14.833895250000001,4.238255785714285,8.47651157142857
187,2022/04/09,88.35608642857144,45.20806171428572,4.086352714285715,0.0,0.0,9.144754857142857,29.916917142857145,27.195474625,14.833895250000001,4.238255785714285,8.47651157142857
188,2022/04/10,88.35608642857144,45.20806171428572,4.086352714285715,0.0,0.0,9.144754857142857,29.916917142857145,27.195474625,14.833895250000001,4.238255785714285,8.47651157142857
189,2022/04/11,102.61766171428573,56.51007714285714,4.086352714285715,0.0,19.583544000000003,0.0,22.437687857142855,33.552858303571426,8.47651157142857,11.30201542857143,5.651007714285715
190,2022/04/12,102.61766171428573,56.51007714285714,4.086352714285715,0.0,19.583544000000003,0.0,22.437687857142855,33.552858303571426,8.47651157142857,11.30201542857143,5.651007714285715
191,2022/04/13,102.61766171428573,56.51007714285714,4.086352714285715,0.0,19.583544000000003,0.0,22.437687857142855,33.552858303571426,8.47651157142857,11.30201542857143,5.651007714285715
192,2022/04/14,102.61766171428573,56.51007714285714,4.086352714285715,0.0,19.583544000000003,0.0,22.437687857142855,33.552858303571426,8.47651157142857,11.30201542857143,5.651007714285715
193,2022/04/15,102.61766171428573,56.51007714285714,4.086352714285715,0.0,19.583544000000003,0.0,22.437687857142855,33.552858303571426,8.47651157142857,11.30201542857143,5.651007714285715
194,2022/04/16,102.61766171428573,56.51007714285714,4.086352714285715,0.0,19.583544000000003,0.0,22.437687857142855,33.552858303571426,8.47651157142857,11.30201542857143,5.651007714285715
195,2022/04/17,102.61766171428573,56.51007714285714,4.086352714285715,0.0,19.583544000000003,0.0,22.437687857142855,33.552858303571426,8.47651157142857,11.30201542857143,5.651007714285715
196,2022/04/18,104.85056,53.68457328571428,0.0,0.0,19.583544000000003,9.144754857142857,22.437687857142855,27.195474625,22.957218839285716,7.063759642857143,4.238255785714285
197,2022/04/19,104.85056,53.68457328571428,0.0,0.0,19.583544000000003,9.144754857142857,22.437687857142855,27.195474625,22.957218839285716,7.063759642857143,4.238255785714285
198,2022/04/20,104.85056,53.68457328571428,0.0,0.0,19.583544000000003,9.144754857142857,22.437687857142855,27.195474625,22.957218839285716,7.063759642857143,4.238255785714285
199,2022/04/21,104.85056,53.68457328571428,0.0,0.0,19.583544000000003,9.144754857142857,22.437687857142855,27.195474625,22.957218839285716,7.063759642857143,4.238255785714285
200,2022/04/22,104.85056,53.68457328571428,0.0,0.0,19.583544000000003,9.144754857142857,22.437687857142855,27.195474625,22.957218839285716,7.063759642857143,4.238255785714285
201,2022/04/23,104.85056,53.68457328571428,0.0,0.0,19.583544000000003,9.144754857142857,22.437687857142855,27.195474625,22.957218839285716,7.063759642857143,4.238255785714285
202,2022/04/24,104.85056,53.68457328571428,0.0,0.0,19.583544000000003,9.144754857142857,22.437687857142855,27.195474625,22.957218839285716,7.063759642857143,4.238255785714285
203,2022/04/25,113.78562114285714,70.63759642857143,4.086352714285715,0.0,0.0,9.144754857142857,29.916917142857145,22.957218839285716,16.95302314285714,20.484902964285713,8.47651157142857
204,2022/04/26,113.78562114285714,70.63759642857143,4.086352714285715,0.0,0.0,9.144754857142857,29.916917142857145,22.957218839285716,16.95302314285714,20.484902964285713,8.47651157142857
205,2022/04/27,113.78562114285714,70.63759642857143,4.086352714285715,0.0,0.0,9.144754857142857,29.916917142857145,22.957218839285716,16.95302314285714,20.484902964285713,8.47651157142857
206,2022/04/28,113.78562114285714,70.63759642857143,4.086352714285715,0.0,0.0,9.144754857142857,29.916917142857145,22.957218839285716,16.95302314285714,20.484902964285713,8.47651157142857
207,2022/04/29,113.78562114285714,70.63759642857143,4.086352714285715,0.0,0.0,9.144754857142857,29.916917142857145,22.957218839285716,16.95302314285714,20.484902964285713,8.47651157142857
208,2022/04/30,113.78562114285714,70.63759642857143,4.086352714285715,0.0,0.0,9.144754857142857,29.916917142857145,22.957218839285716,16.95302314285714,20.484902964285713,8.47651157142857
209,2022/05/01,113.78562114285714,70.63759642857143,4.086352714285715,0.0,0.0,9.144754857142857,29.916917142857145,22.957218839285716,16.95302314285714,20.484902964285713,8.47651157142857
210,2022/05/02,68.33922571428573,45.20806171428572,8.17270542857143,0.0,0.0,0.0,14.958458571428572,16.95302314285714,16.95302314285714,10.595639464285714,1.4127519285714287
211,2022/05/03,68.33922571428573,45.20806171428572,8.17270542857143,0.0,0.0,0.0,14.958458571428572,16.95302314285714,16.95302314285714,10.595639464285714,1.4127519285714287
212,2022/05/04,68.33922571428573,45.20806171428572,8.17270542857143,0.0,0.0,0.0,14.958458571428572,16.95302314285714,16.95302314285714,10.595639464285714,1.4127519285714287
213,2022/05/05,68.33922571428573,45.20806171428572,8.17270542857143,0.0,0.0,0.0,14.958458571428572,16.95302314285714,16.95302314285714,10.595639464285714,1.4127519285714287
214,2022/05/06,68.33922571428573,45.20806171428572,8.17270542857143,0.0,0.0,0.0,14.958458571428572,16.95302314285714,16.95302314285714,10.595639464285714,1.4127519285714287
215,2022/05/07,68.33922571428573,45.20806171428572,8.17270542857143,0.0,0.0,0.0,14.958458571428572,16.95302314285714,16.95302314285714,10.595639464285714,1.4127519285714287
216,2022/05/08,68.33922571428573,45.20806171428572,8.17270542857143,0.0,0.0,0.0,14.958458571428572,16.95302314285714,16.95302314285714,10.595639464285714,1.4127519285714287
217,2022/05/09,104.4781702857143,76.28860414285715,4.086352714285715,0.0,0.0,9.144754857142857,14.958458571428572,37.79111408928571,18.71896305357143,17.659399107142857,5.651007714285715
218,2022/05/10,104.4781702857143,76.28860414285715,4.086352714285715,0.0,0.0,9.144754857142857,14.958458571428572,37.79111408928571,18.71896305357143,17.659399107142857,5.651007714285715
219,2022/05/11,104.4781702857143,76.28860414285715,4.086352714285715,0.0,0.0,9.144754857142857,14.958458571428572,37.79111408928571,18.71896305357143,17.659399107142857,5.651007714285715
220,2022/05/12,104.4781702857143,76.28860414285715,4.086352714285715,0.0,0.0,9.144754857142857,14.958458571428572,37.79111408928571,18.71896305357143,17.659399107142857,5.651007714285715
221,2022/05/13,104.4781702857143,76.28860414285715,4.086352714285715,0.0,0.0,9.144754857142857,14.958458571428572,37.79111408928571,18.71896305357143,17.659399107142857,5.651007714285715
222,2022/05/14,104.4781702857143,76.28860414285715,4.086352714285715,0.0,0.0,9.144754857142857,14.958458571428572,37.79111408928571,18.71896305357143,17.659399107142857,5.651007714285715
223,2022/05/15,104.4781702857143,76.28860414285715,4.086352714285715,0.0,0.0,9.144754857142857,14.958458571428572,37.79111408928571,18.71896305357143,17.659399107142857,5.651007714285715
224,2022/05/16,78.3803922857143,59.335581000000005,4.086352714285715,0.0,0.0,0.0,14.958458571428572,27.195474625,12.714767357142858,13.42114332142857,8.47651157142857
225,2022/05/17,78.3803922857143,59.335581000000005,4.086352714285715,0.0,0.0,0.0,14.958458571428572,27.195474625,12.714767357142858,13.42114332142857,8.47651157142857
226,2022/05/18,78.3803922857143,59.335581000000005,4.086352714285715,0.0,0.0,0.0,14.958458571428572,27.195474625,12.714767357142858,13.42114332142857,8.47651157142857
227,2022/05/19,78.3803922857143,59.335581000000005,4.086352714285715,0.0,0.0,0.0,14.958458571428572,27.195474625,12.714767357142858,13.42114332142857,8.47651157142857
228,2022/05/20,78.3803922857143,59.335581000000005,4.086352714285715,0.0,0.0,0.0,14.958458571428572,27.195474625,12.714767357142858,13.42114332142857,8.47651157142857
229,2022/05/21,78.3803922857143,59.335581000000005,4.086352714285715,0.0,0.0,0.0,14.958458571428572,27.195474625,12.714767357142858,13.42114332142857,8.47651157142857
230,2022/05/22,78.3803922857143,59.335581000000005,4.086352714285715,0.0,0.0,0.0,14.958458571428572,27.195474625,12.714767357142858,13.42114332142857,8.47651157142857
231,2022/05/23,94.07256657142855,79.11410799999999,0.0,0.0,0.0,0.0,14.958458571428572,22.957218839285716,25.076346732142856,16.95302314285714,19.778526999999997
232,2022/05/24,94.07256657142855,79.11410799999999,0.0,0.0,0.0,0.0,14.958458571428572,22.957218839285716,25.076346732142856,16.95302314285714,19.778526999999997
233,2022/05/25,94.07256657142855,79.11410799999999,0.0,0.0,0.0,0.0,14.958458571428572,22.957218839285716,25.076346732142856,16.95302314285714,19.778526999999997
234,2022/05/26,94.07256657142855,79.11410799999999,0.0,0.0,0.0,0.0,14.958458571428572,22.957218839285716,25.076346732142856,16.95302314285714,19.778526999999997
235,2022/05/27,94.07256657142855,79.11410799999999,0.0,0.0,0.0,0.0,14.958458571428572,22.957218839285716,25.076346732142856,16.95302314285714,19.778526999999997
236,2022/05/28,94.07256657142855,79.11410799999999,0.0,0.0,0.0,0.0,14.958458571428572,22.957218839285716,25.076346732142856,16.95302314285714,19.778526999999997
237,2022/05/29,94.07256657142855,79.11410799999999,0.0,0.0,0.0,0.0,14.958458571428572,22.957218839285716,25.076346732142856,16.95302314285714,19.778526999999997
238,2022/05/30,124.25669728571427,96.06713114285714,4.086352714285715,0.0,0.0,9.144754857142857,14.958458571428572,44.148497767857144,27.195474625,18.365775071428573,14.127519285714286
239,2022/05/31,124.25669728571427,96.06713114285714,4.086352714285715,0.0,0.0,9.144754857142857,14.958458571428572,44.148497767857144,27.195474625,18.365775071428573,14.127519285714286
240,2022/06/01,124.25669728571427,96.06713114285714,4.086352714285715,0.0,0.0,9.144754857142857,14.958458571428572,44.148497767857144,27.195474625,18.365775071428573,14.127519285714286
241,2022/06/02,124.25669728571427,96.06713114285714,4.086352714285715,0.0,0.0,9.144754857142857,14.958458571428572,44.148497767857144,27.195474625,18.365775071428573,14.127519285714286
242,2022/06/03,124.25669728571427,96.06713114285714,4.086352714285715,0.0,0.0,9.144754857142857,14.958458571428572,44.148497767857144,27.195474625,18.365775071428573,14.127519285714286
243,2022/06/04,124.25669728571427,96.06713114285714,4.086352714285715,0.0,0.0,9.144754857142857,14.958458571428572,44.148497767857144,27.195474625,18.365775071428573,14.127519285714286
244,2022/06/05,124.25669728571427,96.06713114285714,4.086352714285715,0.0,0.0,9.144754857142857,14.958458571428572,44.148497767857144,27.195474625,18.365775071428573,14.127519285714286
245,2022/06/06,109.86561142857141,93.24162728571427,0.0,0.0,0.0,9.144754857142857,7.479229285714286,35.67198619642857,18.71896305357143,19.778526999999997,24.016782785714284
246,2022/06/07,109.86561142857141,93.24162728571427,0.0,0.0,0.0,9.144754857142857,7.479229285714286,35.67198619642857,18.71896305357143,19.778526999999997,24.016782785714284
247,2022/06/08,109.86561142857141,93.24162728571427,0.0,0.0,0.0,9.144754857142857,7.479229285714286,35.67198619642857,18.71896305357143,19.778526999999997,24.016782785714284
248,2022/06/09,109.86561142857141,93.24162728571427,0.0,0.0,0.0,9.144754857142857,7.479229285714286,35.67198619642857,18.71896305357143,19.778526999999997,24.016782785714284
249,2022/06/10,109.86561142857141,93.24162728571427,0.0,0.0,0.0,9.144754857142857,7.479229285714286,35.67198619642857,18.71896305357143,19.778526999999997,24.016782785714284
250,2022/06/11,109.86561142857141,93.24162728571427,0.0,0.0,0.0,9.144754857142857,7.479229285714286,35.67198619642857,18.71896305357143,19.778526999999997,24.016782785714284
251,2022/06/12,109.86561142857141,93.24162728571427,0.0,0.0,0.0,9.144754857142857,7.479229285714286,35.67198619642857,18.71896305357143,19.778526999999997,24.016782785714284
252,2022/06/13,157.1906941428571,129.9731774285714,12.259058142857143,0.0,0.0,0.0,14.958458571428572,64.9865887142857,22.957218839285716,26.13591067857143,24.016782785714284
253,2022/06/14,157.1906941428571,129.9731774285714,12.259058142857143,0.0,0.0,0.0,14.958458571428572,64.9865887142857,22.957218839285716,26.13591067857143,24.016782785714284
254,2022/06/15,157.1906941428571,129.9731774285714,12.259058142857143,0.0,0.0,0.0,14.958458571428572,64.9865887142857,22.957218839285716,26.13591067857143,24.016782785714284
255,2022/06/16,157.1906941428571,129.9731774285714,12.259058142857143,0.0,0.0,0.0,14.958458571428572,64.9865887142857,22.957218839285716,26.13591067857143,24.016782785714284
256,2022/06/17,157.1906941428571,129.9731774285714,12.259058142857143,0.0,0.0,0.0,14.958458571428572,64.9865887142857,22.957218839285716,26.13591067857143,24.016782785714284
257,2022/06/18,157.1906941428571,129.9731774285714,12.259058142857143,0.0,0.0,0.0,14.958458571428572,64.9865887142857,22.957218839285716,26.13591067857143,24.016782785714284
258,2022/06/19,157.1906941428571,129.9731774285714,12.259058142857143,0.0,0.0,0.0,14.958458571428572,64.9865887142857,22.957218839285716,26.13591067857143,24.016782785714284
259,2022/06/20,154.33995742857144,118.67116200000001,4.086352714285715,0.0,0.0,9.144754857142857,22.437687857142855,60.74833292857142,29.314602517857146,26.84228664285714,5.651007714285715
260,2022/06/21,154.33995742857144,118.67116200000001,4.086352714285715,0.0,0.0,9.144754857142857,22.437687857142855,60.74833292857142,29.314602517857146,26.84228664285714,5.651007714285715
261,2022/06/22,154.33995742857144,118.67116200000001,4.086352714285715,0.0,0.0,9.144754857142857,22.437687857142855,60.74833292857142,29.314602517857146,26.84228664285714,5.651007714285715
262,2022/06/23,154.33995742857144,118.67116200000001,4.086352714285715,0.0,0.0,9.144754857142857,22.437687857142855,60.74833292857142,29.314602517857146,26.84228664285714,5.651007714285715
263,2022/06/24,154.33995742857144,118.67116200000001,4.086352714285715,0.0,0.0,9.144754857142857,22.437687857142855,60.74833292857142,29.314602517857146,26.84228664285714,5.651007714285715
264,2022/06/25,154.33995742857144,118.67116200000001,4.086352714285715,0.0,0.0,9.144754857142857,22.437687857142855,60.74833292857142,29.314602517857146,26.84228664285714,5.651007714285715
265,2022/06/26,154.33995742857144,118.67116200000001,4.086352714285715,0.0,0.0,9.144754857142857,22.437687857142855,60.74833292857142,29.314602517857146,26.84228664285714,5.651007714285715
266,2022/06/27,100.39181757142859,76.28860414285715,0.0,0.0,0.0,9.144754857142857,14.958458571428572,35.67198619642857,22.957218839285716,16.95302314285714,5.651007714285715
267,2022/06/28,100.39181757142859,76.28860414285715,0.0,0.0,0.0,9.144754857142857,14.958458571428572,35.67198619642857,22.957218839285716,16.95302314285714,5.651007714285715
268,2022/06/29,100.39181757142859,76.28860414285715,0.0,0.0,0.0,9.144754857142857,14.958458571428572,35.67198619642857,22.957218839285716,16.95302314285714,5.651007714285715
269,2022/06/30,100.39181757142859,76.28860414285715,0.0,0.0,0.0,9.144754857142857,14.958458571428572,35.67198619642857,22.957218839285716,16.95302314285714,5.651007714285715
270,2022/07/01,100.39181757142859,76.28860414285715,0.0,0.0,0.0,9.144754857142857,14.958458571428572,35.67198619642857,22.957218839285716,16.95302314285714,5.651007714285715
271,2022/07/02,100.39181757142859,76.28860414285715,0.0,0.0,0.0,9.144754857142857,14.958458571428572,35.67198619642857,22.957218839285716,16.95302314285714,5.651007714285715
272,2022/07/03,100.39181757142859,76.28860414285715,0.0,0.0,0.0,9.144754857142857,14.958458571428572,35.67198619642857,22.957218839285716,16.95302314285714,5.651007714285715
273,2022/07/04,149.25632242857142,110.19465042857142,0.0,0.0,0.0,9.144754857142857,29.916917142857145,39.91024198214286,25.076346732142856,31.08054242857143,14.127519285714286
274,2022/07/05,149.25632242857142,110.19465042857142,0.0,0.0,0.0,9.144754857142857,29.916917142857145,39.91024198214286,25.076346732142856,31.08054242857143,14.127519285714286
275,2022/07/06,149.25632242857142,110.19465042857142,0.0,0.0,0.0,9.144754857142857,29.916917142857145,39.91024198214286,25.076346732142856,31.08054242857143,14.127519285714286
276,2022/07/07,149.25632242857142,110.19465042857142,0.0,0.0,0.0,9.144754857142857,29.916917142857145,39.91024198214286,25.076346732142856,31.08054242857143,14.127519285714286
277,2022/07/08,149.25632242857142,110.19465042857142,0.0,0.0,0.0,9.144754857142857,29.916917142857145,39.91024198214286,25.076346732142856,31.08054242857143,14.127519285714286
278,2022/07/09,149.25632242857142,110.19465042857142,0.0,0.0,0.0,9.144754857142857,29.916917142857145,39.91024198214286,25.076346732142856,31.08054242857143,14.127519285714286
279,2022/07/10,149.25632242857142,110.19465042857142,0.0,0.0,0.0,9.144754857142857,29.916917142857145,39.91024198214286,25.076346732142856,31.08054242857143,14.127519285714286
280,2022/07/11,181.5977137142857,138.449689,4.086352714285715,0.0,0.0,9.144754857142857,29.916917142857145,56.51007714285714,35.67198619642857,30.37416646428571,22.60403085714286
281,2022/07/12,181.5977137142857,138.449689,4.086352714285715,0.0,0.0,9.144754857142857,29.916917142857145,56.51007714285714,35.67198619642857,30.37416646428571,22.60403085714286
282,2022/07/13,181.5977137142857,138.449689,4.086352714285715,0.0,0.0,9.144754857142857,29.916917142857145,56.51007714285714,35.67198619642857,30.37416646428571,22.60403085714286
283,2022/07/14,181.5977137142857,138.449689,4.086352714285715,0.0,0.0,9.144754857142857,29.916917142857145,56.51007714285714,35.67198619642857,30.37416646428571,22.60403085714286
284,2022/07/15,181.5977137142857,138.449689,4.086352714285715,0.0,0.0,9.144754857142857,29.916917142857145,56.51007714285714,35.67198619642857,30.37416646428571,22.60403085714286
285,2022/07/16,181.5977137142857,138.449689,4.086352714285715,0.0,0.0,9.144754857142857,29.916917142857145,56.51007714285714,35.67198619642857,30.37416646428571,22.60403085714286
286,2022/07/17,181.5977137142857,138.449689,4.086352714285715,0.0,0.0,9.144754857142857,29.916917142857145,56.51007714285714,35.67198619642857,30.37416646428571,22.60403085714286
287,2022/07/18,216.71073599999997,163.8792237142857,0.0,0.0,19.583544000000003,18.289509714285714,14.958458571428572,64.9865887142857,37.79111408928571,37.43792610714286,28.25503857142857
288,2022/07/19,216.71073599999997,163.8792237142857,0.0,0.0,19.583544000000003,18.289509714285714,14.958458571428572,64.9865887142857,37.79111408928571,37.43792610714286,28.25503857142857
289,2022/07/20,216.71073599999997,163.8792237142857,0.0,0.0,19.583544000000003,18.289509714285714,14.958458571428572,64.9865887142857,37.79111408928571,37.43792610714286,28.25503857142857
290,2022/07/21,216.71073599999997,163.8792237142857,0.0,0.0,19.583544000000003,18.289509714285714,14.958458571428572,64.9865887142857,37.79111408928571,37.43792610714286,28.25503857142857
291,2022/07/22,216.71073599999997,163.8792237142857,0.0,0.0,19.583544000000003,18.289509714285714,14.958458571428572,64.9865887142857,37.79111408928571,37.43792610714286,28.25503857142857
292,2022/07/23,216.71073599999997,163.8792237142857,0.0,0.0,19.583544000000003,18.289509714285714,14.958458571428572,64.9865887142857,37.79111408928571,37.43792610714286,28.25503857142857
293,2022/07/24,216.71073599999997,163.8792237142857,0.0,0.0,19.583544000000003,18.289509714285714,14.958458571428572,64.9865887142857,37.79111408928571,37.43792610714286,28.25503857142857
294,2022/07/25,197.09490499999998,138.449689,0.0,0.0,19.583544000000003,9.144754857142857,29.916917142857145,56.51007714285714,35.67198619642857,34.61242225,15.540271214285715
295,2022/07/26,197.09490499999998,138.449689,0.0,0.0,19.583544000000003,9.144754857142857,29.916917142857145,56.51007714285714,35.67198619642857,34.61242225,15.540271214285715
296,2022/07/27,197.09490499999998,138.449689,0.0,0.0,19.583544000000003,9.144754857142857,29.916917142857145,56.51007714285714,35.67198619642857,34.61242225,15.540271214285715
297,2022/07/28,197.09490499999998,138.449689,0.0,0.0,19.583544000000003,9.144754857142857,29.916917142857145,56.51007714285714,35.67198619642857,34.61242225,15.540271214285715
298,2022/07/29,197.09490499999998,138.449689,0.0,0.0,19.583544000000003,9.144754857142857,29.916917142857145,56.51007714285714,35.67198619642857,34.61242225,15.540271214285715
299,2022/07/30,197.09490499999998,138.449689,0.0,0.0,19.583544000000003,9.144754857142857,29.916917142857145,56.51007714285714,35.67198619642857,34.61242225,15.540271214285715
300,2022/07/31,197.09490499999998,138.449689,0.0,0.0,19.583544000000003,9.144754857142857,29.916917142857145,56.51007714285714,35.67198619642857,34.61242225,15.540271214285715
301,2022/08/01,201.80615028571427,169.53023142857143,8.17270542857143,0.0,0.0,9.144754857142857,14.958458571428572,75.58222817857143,48.386753553571424,36.025174178571426,19.778526999999997
302,2022/08/02,201.80615028571427,169.53023142857143,8.17270542857143,0.0,0.0,9.144754857142857,14.958458571428572,75.58222817857143,48.386753553571424,36.025174178571426,19.778526999999997
303,2022/08/03,201.80615028571427,169.53023142857143,8.17270542857143,0.0,0.0,9.144754857142857,14.958458571428572,75.58222817857143,48.386753553571424,36.025174178571426,19.778526999999997
304,2022/08/04,201.80615028571427,169.53023142857143,8.17270542857143,0.0,0.0,9.144754857142857,14.958458571428572,75.58222817857143,48.386753553571424,36.025174178571426,19.778526999999997
305,2022/08/05,201.80615028571427,169.53023142857143,8.17270542857143,0.0,0.0,9.144754857142857,14.958458571428572,75.58222817857143,48.386753553571424,36.025174178571426,19.778526999999997
306,2022/08/06,201.80615028571427,169.53023142857143,8.17270542857143,0.0,0.0,9.144754857142857,14.958458571428572,75.58222817857143,48.386753553571424,36.025174178571426,19.778526999999997
307,2022/08/07,201.80615028571427,169.53023142857143,8.17270542857143,0.0,0.0,9.144754857142857,14.958458571428572,75.58222817857143,48.386753553571424,36.025174178571426,19.778526999999997
308,2022/08/08,183.85584485714284,144.1006967142857,8.17270542857143,0.0,0.0,9.144754857142857,22.437687857142855,37.79111408928571,35.67198619642857,40.26342996428571,28.25503857142857
309,2022/08/09,183.85584485714284,144.1006967142857,8.17270542857143,0.0,0.0,9.144754857142857,22.437687857142855,37.79111408928571,35.67198619642857,40.26342996428571,28.25503857142857
310,2022/08/10,183.85584485714284,144.1006967142857,8.17270542857143,0.0,0.0,9.144754857142857,22.437687857142855,37.79111408928571,35.67198619642857,40.26342996428571,28.25503857142857
311,2022/08/11,183.85584485714284,144.1006967142857,8.17270542857143,0.0,0.0,9.144754857142857,22.437687857142855,37.79111408928571,35.67198619642857,40.26342996428571,28.25503857142857
312,2022/08/12,183.85584485714284,144.1006967142857,8.17270542857143,0.0,0.0,9.144754857142857,22.437687857142855,37.79111408928571,35.67198619642857,40.26342996428571,28.25503857142857
313,2022/08/13,183.85584485714284,144.1006967142857,8.17270542857143,0.0,0.0,9.144754857142857,22.437687857142855,37.79111408928571,35.67198619642857,40.26342996428571,28.25503857142857
314,2022/08/14,183.85584485714284,144.1006967142857,8.17270542857143,0.0,0.0,9.144754857142857,22.437687857142855,37.79111408928571,35.67198619642857,40.26342996428571,28.25503857142857
315,2022/08/15,210.62186614285716,152.5772082857143,8.17270542857143,0.0,0.0,27.43426457142857,22.437687857142855,60.74833292857142,35.67198619642857,36.025174178571426,24.016782785714284
316,2022/08/16,210.62186614285716,152.5772082857143,8.17270542857143,0.0,0.0,27.43426457142857,22.437687857142855,60.74833292857142,35.67198619642857,36.025174178571426,24.016782785714284
317,2022/08/17,210.62186614285716,152.5772082857143,8.17270542857143,0.0,0.0,27.43426457142857,22.437687857142855,60.74833292857142,35.67198619642857,36.025174178571426,24.016782785714284
318,2022/08/18,210.62186614285716,152.5772082857143,8.17270542857143,0.0,0.0,27.43426457142857,22.437687857142855,60.74833292857142,35.67198619642857,36.025174178571426,24.016782785714284
319,2022/08/19,210.62186614285716,152.5772082857143,8.17270542857143,0.0,0.0,27.43426457142857,22.437687857142855,60.74833292857142,35.67198619642857,36.025174178571426,24.016782785714284
320,2022/08/20,210.62186614285716,152.5772082857143,8.17270542857143,0.0,0.0,27.43426457142857,22.437687857142855,60.74833292857142,35.67198619642857,36.025174178571426,24.016782785714284
321,2022/08/21,210.62186614285716,152.5772082857143,8.17270542857143,0.0,0.0,27.43426457142857,22.437687857142855,60.74833292857142,35.67198619642857,36.025174178571426,24.016782785714284
322,2022/08/22,242.52350185714283,178.006743,4.086352714285715,1.7851901428571428,19.583544000000003,9.144754857142857,29.916917142857145,77.70135607142856,37.79111408928571,44.50168575,22.60403085714286
323,2022/08/23,242.52350185714283,178.006743,4.086352714285715,1.7851901428571428,19.583544000000003,9.144754857142857,29.916917142857145,77.70135607142856,37.79111408928571,44.50168575,22.60403085714286
324,2022/08/24,242.52350185714283,178.006743,4.086352714285715,1.7851901428571428,19.583544000000003,9.144754857142857,29.916917142857145,77.70135607142856,37.79111408928571,44.50168575,22.60403085714286
325,2022/08/25,242.52350185714283,178.006743,4.086352714285715,1.7851901428571428,19.583544000000003,9.144754857142857,29.916917142857145,77.70135607142856,37.79111408928571,44.50168575,22.60403085714286
326,2022/08/26,242.52350185714283,178.006743,4.086352714285715,1.7851901428571428,19.583544000000003,9.144754857142857,29.916917142857145,77.70135607142856,37.79111408928571,44.50168575,22.60403085714286
327,2022/08/27,242.52350185714283,178.006743,4.086352714285715,1.7851901428571428,19.583544000000003,9.144754857142857,29.916917142857145,77.70135607142856,37.79111408928571,44.50168575,22.60403085714286
328,2022/08/28,242.52350185714283,178.006743,4.086352714285715,1.7851901428571428,19.583544000000003,9.144754857142857,29.916917142857145,77.70135607142856,37.79111408928571,44.50168575,22.60403085714286
329,2022/08/29,262.1421247142857,178.006743,16.34541085714286,0.0,19.583544000000003,18.289509714285714,29.916917142857145,81.93961185714285,46.26762566071428,36.025174178571426,24.016782785714284
330,2022/08/30,262.1421247142857,178.006743,16.34541085714286,0.0,19.583544000000003,18.289509714285714,29.916917142857145,81.93961185714285,46.26762566071428,36.025174178571426,24.016782785714284
331,2022/08/31,262.1421247142857,178.006743,16.34541085714286,0.0,19.583544000000003,18.289509714285714,29.916917142857145,81.93961185714285,46.26762566071428,36.025174178571426,24.016782785714284
332,2022/09/01,262.1421247142857,178.006743,16.34541085714286,0.0,19.583544000000003,18.289509714285714,29.916917142857145,81.93961185714285,46.26762566071428,36.025174178571426,24.016782785714284
333,2022/09/02,262.1421247142857,178.006743,16.34541085714286,0.0,19.583544000000003,18.289509714285714,29.916917142857145,81.93961185714285,46.26762566071428,36.025174178571426,24.016782785714284
334,2022/09/03,262.1421247142857,178.006743,16.34541085714286,0.0,19.583544000000003,18.289509714285714,29.916917142857145,81.93961185714285,46.26762566071428,36.025174178571426,24.016782785714284
335,2022/09/04,262.1421247142857,178.006743,16.34541085714286,0.0,19.583544000000003,18.289509714285714,29.916917142857145,81.93961185714285,46.26762566071428,36.025174178571426,24.016782785714284
336,2022/09/05,276.5654975714286,206.26178157142857,20.431763571428572,0.0,0.0,27.43426457142857,22.437687857142855,90.41612342857144,52.62500933928572,37.43792610714286,43.79530978571429
337,2022/09/06,276.5654975714286,206.26178157142857,20.431763571428572,0.0,0.0,27.43426457142857,22.437687857142855,90.41612342857144,52.62500933928572,37.43792610714286,43.79530978571429
338,2022/09/07,276.5654975714286,206.26178157142857,20.431763571428572,0.0,0.0,27.43426457142857,22.437687857142855,90.41612342857144,52.62500933928572,37.43792610714286,43.79530978571429
339,2022/09/08,276.5654975714286,206.26178157142857,20.431763571428572,0.0,0.0,27.43426457142857,22.437687857142855,90.41612342857144,52.62500933928572,37.43792610714286,43.79530978571429
340,2022/09/09,276.5654975714286,206.26178157142857,20.431763571428572,0.0,0.0,27.43426457142857,22.437687857142855,90.41612342857144,52.62500933928572,37.43792610714286,43.79530978571429
341,2022/09/10,276.5654975714286,206.26178157142857,20.431763571428572,0.0,0.0,27.43426457142857,22.437687857142855,90.41612342857144,52.62500933928572,37.43792610714286,43.79530978571429
342,2022/09/11,276.5654975714286,206.26178157142857,20.431763571428572,0.0,0.0,27.43426457142857,22.437687857142855,90.41612342857144,52.62500933928572,37.43792610714286,43.79530978571429
343,2022/09/12,413.94537771428577,291.0268972857143,32.69082171428572,0.0,19.583544000000003,18.289509714285714,52.35460499999999,107.01595858928572,75.58222817857143,65.69296467857143,53.68457328571428
344,2022/09/13,413.94537771428577,291.0268972857143,32.69082171428572,0.0,19.583544000000003,18.289509714285714,52.35460499999999,107.01595858928572,75.58222817857143,65.69296467857143,53.68457328571428
345,2022/09/14,413.94537771428577,291.0268972857143,32.69082171428572,0.0,19.583544000000003,18.289509714285714,52.35460499999999,107.01595858928572,75.58222817857143,65.69296467857143,53.68457328571428
346,2022/09/15,413.94537771428577,291.0268972857143,32.69082171428572,0.0,19.583544000000003,18.289509714285714,52.35460499999999,107.01595858928572,75.58222817857143,65.69296467857143,53.68457328571428
347,2022/09/16,413.94537771428577,291.0268972857143,32.69082171428572,0.0,19.583544000000003,18.289509714285714,52.35460499999999,107.01595858928572,75.58222817857143,65.69296467857143,53.68457328571428
348,2022/09/17,413.94537771428577,291.0268972857143,32.69082171428572,0.0,19.583544000000003,18.289509714285714,52.35460499999999,107.01595858928572,75.58222817857143,65.69296467857143,53.68457328571428
349,2022/09/18,413.94537771428577,291.0268972857143,32.69082171428572,0.0,19.583544000000003,18.289509714285714,52.35460499999999,107.01595858928572,75.58222817857143,65.69296467857143,53.68457328571428
350,2022/09/19,462.09581600000007,364.4899975714286,20.431763571428572,3.5703802857142857,19.583544000000003,9.144754857142857,44.87537571428571,142.68794478571428,60.74833292857142,89.0033715,77.70135607142856
351,2022/09/20,462.09581600000007,364.4899975714286,20.431763571428572,3.5703802857142857,19.583544000000003,9.144754857142857,44.87537571428571,142.68794478571428,60.74833292857142,89.0033715,77.70135607142856
352,2022/09/21,462.09581600000007,364.4899975714286,20.431763571428572,3.5703802857142857,19.583544000000003,9.144754857142857,44.87537571428571,142.68794478571428,60.74833292857142,89.0033715,77.70135607142856
353,2022/09/22,462.09581600000007,364.4899975714286,20.431763571428572,3.5703802857142857,19.583544000000003,9.144754857142857,44.87537571428571,142.68794478571428,60.74833292857142,89.0033715,77.70135607142856
354,2022/09/23,462.09581600000007,364.4899975714286,20.431763571428572,3.5703802857142857,19.583544000000003,9.144754857142857,44.87537571428571,142.68794478571428,60.74833292857142,89.0033715,77.70135607142856
355,2022/09/24,462.09581600000007,364.4899975714286,20.431763571428572,3.5703802857142857,19.583544000000003,9.144754857142857,44.87537571428571,142.68794478571428,60.74833292857142,89.0033715,77.70135607142856
356,2022/09/25,462.09581600000007,364.4899975714286,20.431763571428572,3.5703802857142857,19.583544000000003,9.144754857142857,44.87537571428571,142.68794478571428,60.74833292857142,89.0033715,77.70135607142856
357,2022/09/26,551.661351,409.6980592857143,36.77717442857143,0.0,19.583544000000003,18.289509714285714,67.31306357142857,180.479058875,75.58222817857143,91.12249939285715,77.70135607142856
358,2022/09/27,551.661351,409.6980592857143,36.77717442857143,0.0,19.583544000000003,18.289509714285714,67.31306357142857,180.479058875,75.58222817857143,91.12249939285715,77.70135607142856
359,2022/09/28,551.661351,409.6980592857143,36.77717442857143,0.0,19.583544000000003,18.289509714285714,67.31306357142857,180.479058875,75.58222817857143,91.12249939285715,77.70135607142856
360,2022/09/29,551.661351,409.6980592857143,36.77717442857143,0.0,19.583544000000003,18.289509714285714,67.31306357142857,180.479058875,75.58222817857143,91.12249939285715,77.70135607142856
361,2022/09/30,551.661351,409.6980592857143,36.77717442857143,0.0,19.583544000000003,18.289509714285714,67.31306357142857,180.479058875,75.58222817857143,91.12249939285715,77.70135607142856
362,2022/10/01,551.661351,409.6980592857143,36.77717442857143,0.0,19.583544000000003,18.289509714285714,67.31306357142857,180.479058875,75.58222817857143,91.12249939285715,77.70135607142856
