,date,0_4,5_11,12_18,19_49,50_64,65+,65_diff,50_64_diff,19_49_diff,12_18_diff,5_11_diff
0,12/01/2022,0,0,0,0,0,0,0.0,0.0,0.0,0,0
1,12/02/2022,0,0,0,0,0,0,0.0,0.0,0.0,0,0
2,12/03/2022,0,0,0,0,0,0,0.0,0.0,0.0,0,0
3,12/04/2022,0,0,0,0,0,0,0.0,0.0,0.0,0,0
4,12/05/2022,0,0,0,0,0,0,0.0,0.0,0.0,0,0
5,12/06/2022,0,0,0,0,0,0,0.0,0.0,0.0,0,0
6,12/07/2022,0,0,0,0,0,0,0.0,0.0,0.0,0,0
7,12/08/2022,0,0,0,0,0,0,0.0,0.0,0.0,0,0
8,12/09/2022,0,0,0,0,0,0,0.0,0.0,0.0,0,0
9,12/10/2022,0,0,0,0,0,0,0.0,0.0,0.0,0,0
10,12/11/2022,0,0,0,0,0,0,0.0,0.0,0.0,0,0
11,12/12/2022,0,0,0,0,0,0,0.0,0.0,0.0,0,0
12,12/13/2022,0,0,0,0,0,0,0.0,0.0,0.0,0,0
13,12/14/2022,0,0,0,0,0,0,0.0,0.0,0.0,0,0
14,12/15/2022,0,0,0,0,0,0,0.0,0.0,0.0,0,0
15,12/16/2022,0,0,0,0,0,0,0.0,0.0,0.0,0,0
16,12/17/2022,0,0,0,0,0,0,0.0,0.0,0.0,0,0
17,12/18/2022,0,0,0,0,0,0,0.0,0.0,0.0,0,0
18,12/19/2022,0,0,0,0,0,0,0.0,0.0,0.0,0,0
19,12/20/2022,0,0,0,0,0,0,0.0,0.0,0.0,0,0
20,12/21/2022,0,0,0,0,0,0,0.0,0.0,0.0,0,0
21,12/22/2022,0,0,0,0,0,0,0.0,0.0,0.0,0,0
22,12/23/2022,0,0,0,0,0,0,0.0,0.0,0.0,0,0
23,12/24/2022,0,0,0,0,0,0,0.0,0.0,0.0,0,0
24,12/25/2022,0,0,0,0,0,0,0.0,0.0,0.0,0,0
25,12/26/2022,0,0,0,0,0,0,0.0,0.0,0.0,0,0
26,12/27/2022,0,0,0,0,0,0,0.0,0.0,0.0,0,0
27,12/28/2022,0,0,0,0,0,0,0.0,0.0,0.0,0,0
28,12/29/2022,0,0,0,0,0,0,0.0,0.0,0.0,0,0
29,12/30/2022,0,0,0,0,0,0,0.0,0.0,0.0,0,0
30,12/31/2022,0,0,0,0,0,0,0.0,0.0,0.0,0,0
31,01/01/2023,0,0,0,0,0,0,0.0,0.0,0.0,0,0
32,01/02/2023,0,0,0,0,0,0,0.0,0.0,0.0,0,0
33,01/03/2023,0,0,0,0,0,0,0.0,0.0,0.0,0,0
34,01/04/2023,0,0,0,0,0,0,0.0,0.0,0.0,0,0
35,01/05/2023,0,0,0,0,0,0,0.0,0.0,0.0,0,0
36,01/06/2023,0,0,0,0,0,0,0.0,0.0,0.0,0,0
37,01/07/2023,0,0,0,0,0,0,0.0,0.0,0.0,0,0
38,01/08/2023,0,0,0,0,0,0,0.0,0.0,0.0,0,0
39,01/09/2023,0,0,0,0,0,0,0.0,0.0,0.0,0,0
40,01/10/2023,0,0,0,0,0,0,0.0,0.0,0.0,0,0
41,01/11/2023,0,0,0,0,0,0,0.0,0.0,0.0,0,0
42,01/12/2023,0,0,0,0,0,0,0.0,0.0,0.0,0,0
43,01/13/2023,0,0,0,0,0,0,0.0,0.0,0.0,0,0
44,01/14/2023,0,0,0,0,0,0,0.0,0.0,0.0,0,0
45,01/15/2023,0,0,0,0,0,0,0.0,0.0,0.0,0,0
46,01/16/2023,0,0,0,0,0,0,0.0,0.0,0.0,0,0
47,01/17/2023,0,0,0,0,0,0,0.0,0.0,0.0,0,0
48,01/18/2023,0,0,0,0,0,0,0.0,0.0,0.0,0,0
49,01/19/2023,0,0,0,0,0,0,0.0,0.0,0.0,0,0
50,01/20/2023,0,0,0,0,0,0,0.0,0.0,0.0,0,0
51,01/21/2023,0,0,0,0,0,0,0.0,0.0,0.0,0,0
52,01/22/2023,0,0,0,0,0,0,0.0,0.0,0.0,0,0
53,01/23/2023,0,0,0,0,0,0,0.0,0.0,0.0,0,0
54,01/24/2023,0,0,0,0,0,0,0.0,0.0,0.0,0,0
55,01/25/2023,0,0,0,0,0,0,0.0,0.0,0.0,0,0
56,01/26/2023,0,0,0,0,0,0,0.0,0.0,0.0,0,0
57,01/27/2023,0,0,0,0,0,0,0.0,0.0,0.0,0,0
58,01/28/2023,0,0,0,0,0,0,0.0,0.0,0.0,0,0
59,01/29/2023,0,0,0,0,0,0,0.0,0.0,0.0,0,0
60,01/30/2023,0,0,0,0,0,0,0.0,0.0,0.0,0,0
61,01/31/2023,0,0,0,0,0,0,0.0,0.0,0.0,0,0
62,02/01/2023,0,0,0,0,0,0,0.0,0.0,0.0,0,0
63,02/02/2023,0,0,0,0,0,0,0.0,0.0,0.0,0,0
64,02/03/2023,0,0,0,0,0,0,0.0,0.0,0.0,0,0
65,02/04/2023,0,0,0,0,0,0,0.0,0.0,0.0,0,0
66,02/05/2023,0,0,0,0,0,0,0.0,0.0,0.0,0,0
67,02/06/2023,0,0,0,0,0,0,0.0,0.0,0.0,0,0
68,02/07/2023,0,0,0,0,0,0,0.0,0.0,0.0,0,0
69,02/08/2023,0,0,0,0,0,0,0.0,0.0,0.0,0,0
70,02/09/2023,0,0,0,0,0,0,0.0,0.0,0.0,0,0
71,02/10/2023,0,0,0,0,0,0,0.0,0.0,0.0,0,0
72,02/11/2023,0,0,0,0,0,0,0.0,0.0,0.0,0,0
73,02/12/2023,0,0,0,0,0,0,0.0,0.0,0.0,0,0
74,02/13/2023,0,0,0,0,0,0,0.0,0.0,0.0,0,0
75,02/14/2023,0,0,0,0,0,0,0.0,0.0,0.0,0,0
76,02/15/2023,0,0,0,0,0,0,0.0,0.0,0.0,0,0
77,02/16/2023,0,0,0,0,0,0,0.0,0.0,0.0,0,0
78,02/17/2023,0,0,0,0,0,0,0.0,0.0,0.0,0,0
79,02/18/2023,0,0,0,0,0,0,0.0,0.0,0.0,0,0
80,02/19/2023,0,0,0,0,0,0,0.0,0.0,0.0,0,0
81,02/20/2023,0,0,0,0,0,0,0.0,0.0,0.0,0,0
82,02/21/2023,0,0,0,0,0,0,0.0,0.0,0.0,0,0
83,02/22/2023,0,0,0,0,0,0,0.0,0.0,0.0,0,0
84,02/23/2023,0,0,0,0,0,0,0.0,0.0,0.0,0,0
85,02/24/2023,0,0,0,0,0,0,0.0,0.0,0.0,0,0
86,02/25/2023,0,0,0,0,0,0,0.0,0.0,0.0,0,0
87,02/26/2023,0,0,0,0,0,0,0.0,0.0,0.0,0,0
88,02/27/2023,0,0,0,0,0,0,0.0,0.0,0.0,0,0
89,02/28/2023,0,0,0,0,0,0,0.0,0.0,0.0,0,0
90,03/01/2023,0,0,0,0,0,0,0.0,0.0,0.0,0,0
91,03/02/2023,0,0,0,0,0,0,0.0,0.0,0.0,0,0
92,03/03/2023,0,0,0,0,0,0,0.0,0.0,0.0,0,0
93,03/04/2023,0,0,0,0,0,0,0.0,0.0,0.0,0,0
94,03/05/2023,0,0,0,0,0,0,0.0,0.0,0.0,0,0
95,03/06/2023,0,0,0,0,0,0,0.0,0.0,0.0,0,0
96,03/07/2023,0,0,0,0,0,0,0.0,0.0,0.0,0,0
97,03/08/2023,0,0,0,0,0,0,0.0,0.0,0.0,0,0
98,03/09/2023,0,0,0,0,0,0,0.0,0.0,0.0,0,0
99,03/10/2023,0,0,0,0,0,0,0.0,0.0,0.0,0,0
100,03/11/2023,0,0,0,0,0,0,0.0,0.0,0.0,0,0
101,03/12/2023,0,0,0,0,0,0,0.0,0.0,0.0,0,0
102,03/13/2023,0,0,0,0,0,0,0.0,0.0,0.0,0,0
103,03/14/2023,0,0,0,0,0,0,0.0,0.0,0.0,0,0
104,03/15/2023,0,0,0,0,0,0,0.0,0.0,0.0,0,0
105,03/16/2023,0,0,0,0,0,0,0.0,0.0,0.0,0,0
106,03/17/2023,0,0,0,0,0,0,0.0,0.0,0.0,0,0
107,03/18/2023,0,0,0,0,0,0,0.0,0.0,0.0,0,0
108,03/19/2023,0,0,0,0,0,0,0.0,0.0,0.0,0,0
109,03/20/2023,0,0,0,0,0,0,0.0,0.0,0.0,0,0
110,03/21/2023,0,0,0,0,0,0,0.0,0.0,0.0,0,0
111,03/22/2023,0,0,0,0,0,0,0.0,0.0,0.0,0,0
112,03/23/2023,0,0,0,0,0,0,0.0,0.0,0.0,0,0
113,03/24/2023,0,0,0,0,0,0,0.0,0.0,0.0,0,0
114,03/25/2023,0,0,0,0,0,0,0.0,0.0,0.0,0,0
115,03/26/2023,0,0,0,0,0,0,0.0,0.0,0.0,0,0
116,03/27/2023,0,0,0,0,0,0,0.0,0.0,0.0,0,0
117,03/28/2023,0,0,0,0,0,0,0.0,0.0,0.0,0,0
118,03/29/2023,0,0,0,0,0,0,0.0,0.0,0.0,0,0
119,03/30/2023,0,0,0,0,0,0,0.0,0.0,0.0,0,0
120,03/31/2023,0,0,0,0,0,0,0.0,0.0,0.0,0,0
121,04/01/2023,0,0,0,0,0,0,0.0,0.0,0.0,0,0
122,04/02/2023,0,0,0,0,0,0,0.0,0.0,0.0,0,0
123,04/03/2023,0,0,0,0,0,0,0.0,0.0,0.0,0,0
124,04/04/2023,0,0,0,0,0,0,0.0,0.0,0.0,0,0
125,04/05/2023,0,0,0,0,0,0,0.0,0.0,0.0,0,0
126,04/06/2023,0,0,0,0,0,0,0.0,0.0,0.0,0,0
127,04/07/2023,0,0,0,0,0,0,0.0,0.0,0.0,0,0
128,04/08/2023,0,0,0,0,0,0,0.0,0.0,0.0,0,0
129,04/09/2023,0,0,0,0,0,0,0.0,0.0,0.0,0,0
130,04/10/2023,0,0,0,0,0,0,0.0,0.0,0.0,0,0
131,04/11/2023,0,0,0,0,0,0,0.0,0.0,0.0,0,0
132,04/12/2023,0,0,0,0,0,0,0.0,0.0,0.0,0,0
133,04/13/2023,0,0,0,0,0,0,0.0,0.0,0.0,0,0
134,04/14/2023,0,0,0,0,0,0,0.0,0.0,0.0,0,0
135,04/15/2023,0,0,0,0,0,0,0.0,0.0,0.0,0,0
136,04/16/2023,0,0,0,0,0,0,0.0,0.0,0.0,0,0
137,04/17/2023,0,0,0,0,0,0,0.0,0.0,0.0,0,0
138,04/18/2023,0,0,0,0,0,0,0.0,0.0,0.0,0,0
139,04/19/2023,0,0,0,0,0,0,0.0,0.0,0.0,0,0
140,04/20/2023,0,0,0,0,0,0,0.0,0.0,0.0,0,0
141,04/21/2023,0,0,0,0,0,0,0.0,0.0,0.0,0,0
142,04/22/2023,0,0,0,0,0,0,0.0,0.0,0.0,0,0
143,04/23/2023,0,0,0,0,0,0,0.0,0.0,0.0,0,0
144,04/24/2023,0,0,0,0,0,0,0.0,0.0,0.0,0,0
145,04/25/2023,0,0,0,0,0,0,0.0,0.0,0.0,0,0
146,04/26/2023,0,0,0,0,0,0,0.0,0.0,0.0,0,0
147,04/27/2023,0,0,0,0,0,0,0.0,0.0,0.0,0,0
148,04/28/2023,0,0,0,0,0,0,0.0,0.0,0.0,0,0
149,04/29/2023,0,0,0,0,0,0,0.0,0.0,0.0,0,0
150,04/30/2023,0,0,0,0,0,0,0.0,0.0,0.0,0,0
151,05/01/2023,0,0,0,0,0,0,0.0,0.0,0.0,0,0
152,05/02/2023,0,0,0,0,0,0,0.0,0.0,0.0,0,0
153,05/03/2023,0,0,0,0,0,0,0.0,0.0,0.0,0,0
154,05/04/2023,0,0,0,0,0,0,0.0,0.0,0.0,0,0
155,05/05/2023,0,0,0,0,0,0,0.0,0.0,0.0,0,0
156,05/06/2023,0,0,0,0,0,0,0.0,0.0,0.0,0,0
157,05/07/2023,0,0,0,0,0,0,0.0,0.0,0.0,0,0
158,05/08/2023,0,0,0,0,0,0,0.0,0.0,0.0,0,0
159,05/09/2023,0,0,0,0,0,0,0.0,0.0,0.0,0,0
160,05/10/2023,0,0,0,0,0,0,0.0,0.0,0.0,0,0
161,05/11/2023,0,0,0,0,0,0,0.0,0.0,0.0,0,0
162,05/12/2023,0,0,0,0,0,0,0.0,0.0,0.0,0,0
163,05/13/2023,0,0,0,0,0,0,0.0,0.0,0.0,0,0
164,05/14/2023,0,0,0,0,0,0,0.0,0.0,0.0,0,0
165,05/15/2023,0,0,0,0,0,0,0.0,0.0,0.0,0,0
166,05/16/2023,0,0,0,0,0,0,0.0,0.0,0.0,0,0
167,05/17/2023,0,0,0,0,0,0,0.0,0.0,0.0,0,0
168,05/18/2023,0,0,0,0,0,0,0.0,0.0,0.0,0,0
169,05/19/2023,0,0,0,0,0,0,0.0,0.0,0.0,0,0
170,05/20/2023,0,0,0,0,0,0,0.0,0.0,0.0,0,0
171,05/21/2023,0,0,0,0,0,0,0.0,0.0,0.0,0,0
172,05/22/2023,0,0,0,0,0,0,0.0,0.0,0.0,0,0
173,05/23/2023,0,0,0,0,0,0,0.0,0.0,0.0,0,0
174,05/24/2023,0,0,0,0,0,0,0.0,0.0,0.0,0,0
175,05/25/2023,0,0,0,0,0,0,0.0,0.0,0.0,0,0
176,05/26/2023,0,0,0,0,0,0,0.0,0.0,0.0,0,0
177,05/27/2023,0,0,0,0,0,0,0.0,0.0,0.0,0,0
178,05/28/2023,0,0,0,0,0,0,0.0,0.0,0.0,0,0
179,05/29/2023,0,0,0,0,0,0,0.0,0.0,0.0,0,0
180,05/30/2023,0,0,0,0,0,0,0.0,0.0,0.0,0,0
181,05/31/2023,0,0,0,0,0,0,0.0,0.0,0.0,0,0
182,06/01/2023,0,0,0,0,0,0,0.0,0.0,0.0,0,0
183,06/02/2023,0,0,0,0,0,0,0.0,0.0,0.0,0,0
184,06/03/2023,0,0,0,0,0,0,0.0,0.0,0.0,0,0
185,06/04/2023,0,0,0,0,0,0,0.0,0.0,0.0,0,0
186,06/05/2023,0,0,0,0,0,0,0.0,0.0,0.0,0,0
187,06/06/2023,0,0,0,0,0,0,0.0,0.0,0.0,0,0
188,06/07/2023,0,0,0,0,0,0,0.0,0.0,0.0,0,0
189,06/08/2023,0,0,0,0,0,0,0.0,0.0,0.0,0,0
190,06/09/2023,0,0,0,0,0,0,0.0,0.0,0.0,0,0
191,06/10/2023,0,0,0,0,0,0,0.0,0.0,0.0,0,0
192,06/11/2023,0,0,0,0,0,0,0.0,0.0,0.0,0,0
193,06/12/2023,0,0,0,0,0,0,0.0,0.0,0.0,0,0
194,06/13/2023,0,0,0,0,0,0,0.0,0.0,0.0,0,0
195,06/14/2023,0,0,0,0,0,0,0.0,0.0,0.0,0,0
196,06/15/2023,0,0,0,0,0,0,0.0,0.0,0.0,0,0
197,06/16/2023,0,0,0,0,0,0,0.0,0.0,0.0,0,0
198,06/17/2023,0,0,0,0,0,0,0.0,0.0,0.0,0,0
199,06/18/2023,0,0,0,0,0,0,0.0,0.0,0.0,0,0
200,06/19/2023,0,0,0,0,0,0,0.0,0.0,0.0,0,0
201,06/20/2023,0,0,0,0,0,0,0.0,0.0,0.0,0,0
202,06/21/2023,0,0,0,0,0,0,0.0,0.0,0.0,0,0
203,06/22/2023,0,0,0,0,0,0,0.0,0.0,0.0,0,0
204,06/23/2023,0,0,0,0,0,0,0.0,0.0,0.0,0,0
205,06/24/2023,0,0,0,0,0,0,0.0,0.0,0.0,0,0
206,06/25/2023,0,0,0,0,0,0,0.0,0.0,0.0,0,0
207,06/26/2023,0,0,0,0,0,0,0.0,0.0,0.0,0,0
208,06/27/2023,0,0,0,0,0,0,0.0,0.0,0.0,0,0
209,06/28/2023,0,0,0,0,0,0,0.0,0.0,0.0,0,0
210,06/29/2023,0,0,0,0,0,0,0.0,0.0,0.0,0,0
211,06/30/2023,0,0,0,0,0,0,0.0,0.0,0.0,0,0
212,07/01/2023,0,0,0,0,0,0,0.0,0.0,0.0,0,0
213,07/02/2023,0,0,0,0,0,0,0.0,0.0,0.0,0,0
214,07/03/2023,0,0,0,0,0,0,0.0,0.0,0.0,0,0
215,07/04/2023,0,0,0,0,0,0,0.0,0.0,0.0,0,0
216,07/05/2023,0,0,0,0,0,0,0.0,0.0,0.0,0,0
217,07/06/2023,0,0,0,0,0,0,0.0,0.0,0.0,0,0
218,07/07/2023,0,0,0,0,0,0,0.0,0.0,0.0,0,0
219,07/08/2023,0,0,0,0,0,0,0.0,0.0,0.0,0,0
220,07/09/2023,0,0,0,0,0,0,0.0,0.0,0.0,0,0
221,07/10/2023,0,0,0,0,0,0,0.0,0.0,0.0,0,0
222,07/11/2023,0,0,0,0,0,0,0.0,0.0,0.0,0,0
223,07/12/2023,0,0,0,0,0,0,0.0,0.0,0.0,0,0
224,07/13/2023,0,0,0,0,0,0,0.0,0.0,0.0,0,0
225,07/14/2023,0,0,0,0,0,0,0.0,0.0,0.0,0,0
226,07/15/2023,0,0,0,0,0,0,0.0,0.0,0.0,0,0
227,07/16/2023,0,0,0,0,0,0,0.0,0.0,0.0,0,0
228,07/17/2023,0,0,0,0,0,0,0.0,0.0,0.0,0,0
229,07/18/2023,0,0,0,0,0,0,0.0,0.0,0.0,0,0
230,07/19/2023,0,0,0,0,0,0,0.0,0.0,0.0,0,0
231,07/20/2023,0,0,0,0,0,0,0.0,0.0,0.0,0,0
232,07/21/2023,0,0,0,0,0,0,0.0,0.0,0.0,0,0
233,07/22/2023,0,0,0,0,0,0,0.0,0.0,0.0,0,0
234,07/23/2023,0,0,0,0,0,0,0.0,0.0,0.0,0,0
235,07/24/2023,0,0,0,0,0,0,0.0,0.0,0.0,0,0
236,07/25/2023,0,0,0,0,0,0,0.0,0.0,0.0,0,0
237,07/26/2023,0,0,0,0,0,0,0.0,0.0,0.0,0,0
238,07/27/2023,0,0,0,0,0,0,0.0,0.0,0.0,0,0
239,07/28/2023,0,0,0,0,0,0,0.0,0.0,0.0,0,0
240,07/29/2023,0,0,0,0,0,0,0.0,0.0,0.0,0,0
241,07/30/2023,0,0,0,0,0,0,0.0,0.0,0.0,0,0
242,07/31/2023,0,0,0,0,0,0,0.0,0.0,0.0,0,0
243,08/01/2023,0,0,0,0,0,0,0.0,0.0,0.0,0,0
244,08/02/2023,0,0,0,0,0,0,0.0,0.0,0.0,0,0
245,08/03/2023,0,0,0,0,0,0,0.0,0.0,0.0,0,0
246,08/04/2023,0,0,0,0,0,0,0.0,0.0,0.0,0,0
247,08/05/2023,0,0,0,0,0,0,0.0,0.0,0.0,0,0
248,08/06/2023,0,0,0,0,0,0,0.0,0.0,0.0,0,0
249,08/07/2023,0,0,0,0,0,0,0.0,0.0,0.0,0,0
250,08/08/2023,0,0,0,0,0,0,0.0,0.0,0.0,0,0
251,08/09/2023,0,0,0,0,0,0,0.0,0.0,0.0,0,0
252,08/10/2023,0,0,0,0,0,0,0.0,0.0,0.0,0,0
253,08/11/2023,0,0,0,0,0,0,0.0,0.0,0.0,0,0
254,08/12/2023,0,0,0,0,0,0,0.0,0.0,0.0,0,0
255,08/13/2023,0,0,0,0,0,0,0.0,0.0,0.0,0,0
256,08/14/2023,0,0,0,0,0,0,0.0,0.0,0.0,0,0
257,08/15/2023,0,0,0,0,0,0,0.0,0.0,0.0,0,0
258,08/16/2023,0,0,0,0,0,0,0.0,0.0,0.0,0,0
259,08/17/2023,0,0,0,0,0,0,0.0,0.0,0.0,0,0
260,08/18/2023,0,0,0,0,0,0,0.0,0.0,0.0,0,0
261,08/19/2023,0,0,0,0,0,0,0.0,0.0,0.0,0,0
262,08/20/2023,0,0,0,0,0,0,0.0,0.0,0.0,0,0
263,08/21/2023,0,0,0,0,0,0,0.0,0.0,0.0,0,0
264,08/22/2023,0,0,0,0,0,0,0.0,0.0,0.0,0,0
265,08/23/2023,0,0,0,0,0,0,0.0,0.0,0.0,0,0
266,08/24/2023,0,0,0,0,0,0,0.0,0.0,0.0,0,0
267,08/25/2023,0,0,0,0,0,0,0.0,0.0,0.0,0,0
268,08/26/2023,0,0,0,0,0,0,0.0,0.0,0.0,0,0
269,08/27/2023,0,0,0,0,0,0,0.0,0.0,0.0,0,0
270,08/28/2023,0,0,0,0,0,0,0.0,0.0,0.0,0,0
271,08/29/2023,0,0,0,0,0,0,0.0,0.0,0.0,0,0
272,08/30/2023,0,0,0,0,0,0,0.0,0.0,0.0,0,0
273,08/31/2023,0,0,0,0.0,0.0,0.0,0.0,0.0,0.0,0,0
274,09/01/2023,0,0,0,174926.40594059406,134449.78712871287,166019.79702970298,166019.79702970298,134449.78712871287,174926.40594059406,0,0
275,09/02/2023,0,0,0,349852.8118811881,268899.57425742573,332039.59405940596,166019.79702970298,134449.78712871287,174926.40594059406,0,0
276,09/03/2023,0,0,0,524779.2178217822,403349.3613861386,498059.3910891089,166019.79702970292,134449.78712871287,174926.4059405941,0,0
277,09/04/2023,0,0,0,699705.6237623763,537799.1485148515,664079.1881188119,166019.79702970304,134449.78712871287,174926.40594059404,0,0
278,09/05/2023,0,0,0,874632.0297029703,672248.9356435643,830098.9851485149,166019.79702970292,134449.78712871287,174926.40594059404,0,0
279,09/06/2023,0,0,0,1049558.4356435644,806698.7227722772,996118.7821782178,166019.79702970292,134449.78712871287,174926.40594059415,0,0
280,09/07/2023,0,0,0,1224484.8415841584,941148.5099009901,1162138.5792079207,166019.79702970292,134449.78712871287,174926.40594059392,0,0
281,09/08/2023,0,0,0,1399411.2475247525,1075598.297029703,1328158.3762376239,166019.79702970316,134449.78712871287,174926.40594059415,0,0
282,09/09/2023,0,0,0,1574337.6534653464,1210048.084158416,1494178.1732673268,166019.79702970292,134449.78712871298,174926.40594059392,0,0
283,09/10/2023,0,0,0,1749264.0594059406,1344497.8712871287,1660197.9702970297,166019.79702970292,134449.78712871275,174926.40594059415,0,0
284,09/11/2023,0,0,0,1924190.4653465347,1478947.6584158416,1826217.7673267326,166019.79702970292,134449.78712871298,174926.40594059415,0,0
285,09/12/2023,0,0,0,2099116.871287129,1613397.4455445544,1992237.5643564356,166019.79702970292,134449.78712871275,174926.40594059415,0,0
286,09/13/2023,0,0,0,2274043.2772277226,1747847.2326732674,2158257.3613861385,166019.79702970292,134449.78712871298,174926.4059405937,0,0
287,09/14/2023,0,0,0,2448969.6831683167,1882297.0198019801,2324277.1584158414,166019.79702970292,134449.78712871275,174926.40594059415,0,0
288,09/15/2023,0,0,0,2623896.089108911,2016746.806930693,2490296.9554455443,166019.79702970292,134449.78712871298,174926.40594059415,0,0
289,09/16/2023,0,0,0,2798822.495049505,2151196.594059406,2656316.7524752477,166019.7970297034,134449.78712871275,174926.40594059415,0,0
290,09/17/2023,0,0,0,2973748.900990099,2285646.381188119,2822336.5495049506,166019.79702970292,134449.78712871298,174926.40594059415,0,0
291,09/18/2023,0,0,0,3148675.306930693,2420096.168316832,2988356.3465346536,166019.79702970292,134449.78712871298,174926.4059405937,0,0
292,09/19/2023,0,0,0,3323601.712871287,2554545.9554455443,3154376.1435643565,166019.79702970292,134449.78712871252,174926.40594059415,0,0
293,09/20/2023,0,0,0,3498528.118811881,2688995.7425742573,3320395.9405940594,166019.79702970292,134449.78712871298,174926.40594059415,0,0
294,09/21/2023,0,0,0,3673454.5247524753,2823445.5297029703,3486415.7376237623,166019.79702970292,134449.78712871298,174926.40594059415,0,0
295,09/22/2023,0,0,0,3848380.9306930695,2957895.3168316833,3652435.5346534653,166019.79702970292,134449.78712871298,174926.40594059415,0,0
296,09/23/2023,0,0,0,4023307.336633663,3092345.1039603963,3818455.331683168,166019.79702970292,134449.78712871298,174926.4059405937,0,0
297,09/24/2023,0,0,0,4198233.742574258,3226794.891089109,3984475.128712871,166019.79702970292,134449.78712871252,174926.40594059462,0,0
298,09/25/2023,0,0,0,4373160.148514852,3361244.6782178218,4150494.925742574,166019.79702970292,134449.78712871298,174926.40594059415,0,0
299,09/26/2023,0,0,0,4548086.554455445,3495694.4653465347,4316514.722772277,166019.79702970292,134449.78712871298,174926.40594059322,0,0
300,09/27/2023,0,0,0,4723012.960396039,3630144.2524752477,4482534.51980198,166019.79702970292,134449.78712871298,174926.40594059415,0,0
301,09/28/2023,0,0,0,4897939.366336633,3764594.0396039602,4648554.316831683,166019.79702970292,134449.78712871252,174926.40594059415,0,0
302,09/29/2023,0,0,0,5072865.772277228,3899043.826732673,4814574.113861386,166019.79702970292,134449.78712871298,174926.40594059415,0,0
303,09/30/2023,0,0,0,5247792.178217822,4033493.613861386,4980593.910891089,166019.79702970292,134449.78712871298,174926.40594059415,0,0
304,10/01/2023,0,0,0,5422718.584158416,4167943.400990099,5146613.7079207925,166019.79702970386,134449.78712871298,174926.40594059415,0,0
305,10/02/2023,0,0,0,5597644.99009901,4302393.188118812,5312633.504950495,166019.79702970292,134449.78712871252,174926.40594059415,0,0
306,10/03/2023,0,0,0,5772571.396039604,4436842.975247525,5478653.301980198,166019.79702970292,134449.78712871298,174926.40594059415,0,0
307,10/04/2023,0,0,0,5947497.801980198,4571292.762376238,5644673.099009901,166019.79702970292,134449.78712871298,174926.40594059415,0,0
308,10/05/2023,0,0,0,6122424.2079207925,4705742.549504951,5810692.896039604,166019.79702970292,134449.78712871298,174926.40594059415,0,0
309,10/06/2023,0,0,0,6297350.613861386,4840192.336633664,5976712.693069307,166019.79702970292,134449.78712871298,174926.40594059322,0,0
310,10/07/2023,0,0,0,6472277.01980198,4974642.123762377,6142732.49009901,166019.79702970292,134449.78712871298,174926.40594059415,0,0
311,10/08/2023,0,0,0,6647203.425742574,5109091.910891089,6308752.287128713,166019.79702970292,134449.78712871205,174926.40594059415,0,0
312,10/09/2023,0,0,0,6822129.831683168,5243541.698019802,6474772.084158416,166019.79702970292,134449.78712871298,174926.40594059415,0,0
313,10/10/2023,0,0,0,6997056.237623762,5377991.485148515,6640791.881188119,166019.79702970292,134449.78712871298,174926.40594059415,0,0
314,10/11/2023,0,0,0,7171982.6435643565,5512441.272277228,6806811.678217822,166019.79702970292,134449.78712871298,174926.40594059415,0,0
315,10/12/2023,0,0,0,7346909.049504951,5646891.059405941,6972831.475247525,166019.79702970292,134449.78712871298,174926.40594059415,0,0
316,10/13/2023,0,0,0,7521835.455445545,5781340.846534654,7138851.272277228,166019.79702970292,134449.78712871298,174926.40594059415,0,0
317,10/14/2023,0,0,0,7696761.861386139,5915790.633663367,7304871.0693069305,166019.79702970292,134449.78712871298,174926.40594059415,0,0
318,10/15/2023,0,0,0,7871688.267326733,6050240.4207920795,7470890.866336633,166019.79702970292,134449.78712871298,174926.40594059415,0,0
319,10/16/2023,0,0,0,8046614.673267326,6184690.2079207925,7636910.663366336,166019.79702970292,134449.78712871298,174926.40594059322,0,0
320,10/17/2023,0,0,0,8221541.0792079205,6319139.995049505,7802930.460396039,166019.79702970292,134449.78712871205,174926.40594059415,0,0
321,10/18/2023,0,0,0,8396467.485148516,6453589.782178218,7968950.257425742,166019.79702970292,134449.78712871298,174926.40594059508,0,0
322,10/19/2023,0,0,0,8571393.89108911,6588039.5693069305,8134970.054455445,166019.79702970292,134449.78712871298,174926.40594059415,0,0
323,10/20/2023,0,0,0,8746320.297029704,6722489.3564356435,8300989.851485148,166019.79702970292,134449.78712871298,174926.40594059415,0,0
324,10/21/2023,0,0,0,8921246.702970296,6856939.1435643565,8467009.648514852,166019.79702970386,134449.78712871298,174926.4059405923,0,0
325,10/22/2023,0,0,0,9096173.10891089,6991388.9306930695,8633029.445544554,166019.797029702,134449.78712871298,174926.40594059415,0,0
326,10/23/2023,0,0,0,9271099.514851484,7125838.717821782,8799049.242574258,166019.79702970386,134449.78712871298,174926.40594059415,0,0
327,10/24/2023,0,0,0,9446025.920792079,7260288.504950495,8965069.03960396,166019.797029702,134449.78712871298,174926.40594059415,0,0
328,10/25/2023,0,0,0,9620952.326732673,7394738.2920792075,9131088.836633664,166019.79702970386,134449.78712871205,174926.40594059415,0,0
329,10/26/2023,0,0,0,9795878.732673267,7529188.0792079205,9297108.633663366,166019.797029702,134449.78712871298,174926.40594059415,0,0
330,10/27/2023,0,0,0,9970805.138613861,7663637.866336633,9463128.43069307,166019.79702970386,134449.78712871298,174926.40594059415,0,0
331,10/28/2023,0,0,0,10145731.544554455,7798087.653465346,9629148.227722771,166019.797029702,134449.78712871298,174926.40594059415,0,0
332,10/29/2023,0,0,0,10320657.95049505,7932537.440594059,9795168.024752475,166019.79702970386,134449.78712871298,174926.40594059415,0,0
333,10/30/2023,0,0,0,10495584.356435644,8066987.227722772,9961187.821782177,166019.797029702,134449.78712871298,174926.40594059415,0,0
334,10/31/2023,0,0,0,10670510.762376238,8201437.014851485,10127207.618811881,166019.79702970386,134449.78712871298,174926.40594059415,0,0
335,11/01/2023,0,0,0,10845437.168316832,8335886.801980198,10293227.415841585,166019.79702970386,134449.78712871298,174926.40594059415,0,0
336,11/02/2023,0,0,0,11020363.574257426,8470336.58910891,10459247.212871287,166019.797029702,134449.78712871205,174926.40594059415,0,0
337,11/03/2023,0,0,0,11195289.98019802,8604786.376237623,10625267.00990099,166019.79702970386,134449.78712871298,174926.40594059415,0,0
338,11/04/2023,0,0,0,11370216.386138614,8739236.163366336,10791286.806930693,166019.797029702,134449.78712871298,174926.40594059415,0,0
339,11/05/2023,0,0,0,11545142.792079208,8873685.95049505,10957306.603960397,166019.79702970386,134449.78712871298,174926.40594059415,0,0
340,11/06/2023,0,0,0,11720069.198019803,9008135.737623762,11123326.400990099,166019.797029702,134449.78712871298,174926.40594059415,0,0
341,11/07/2023,0,0,0,11894995.603960397,9142585.524752475,11289346.198019803,166019.79702970386,134449.78712871298,174926.40594059415,0,0
342,11/08/2023,0,0,0,12069922.00990099,9277035.311881188,11455365.995049505,166019.797029702,134449.78712871298,174926.40594059415,0,0
343,11/09/2023,0,0,0,12244848.415841585,9411485.099009901,11621385.792079208,166019.79702970386,134449.78712871298,174926.40594059415,0,0
344,11/10/2023,0,0,0,12419774.821782177,9545934.886138614,11787405.58910891,166019.797029702,134449.78712871298,174926.4059405923,0,0
345,11/11/2023,0,0,0,12594701.227722771,9680384.673267327,11953425.386138614,166019.79702970386,134449.78712871298,174926.40594059415,0,0
346,11/12/2023,0,0,0,12769627.633663366,9814834.46039604,12119445.183168316,166019.797029702,134449.78712871298,174926.40594059415,0,0
347,11/13/2023,0,0,0,12944554.03960396,9949284.247524753,12285464.98019802,166019.79702970386,134449.78712871298,174926.40594059415,0,0
348,11/14/2023,0,0,0,13119480.445544554,10083734.034653466,12451484.777227722,166019.797029702,134449.78712871298,174926.40594059415,0,0
349,11/15/2023,0,0,0,13294406.851485148,10218183.821782177,12617504.574257426,166019.79702970386,134449.78712871112,174926.40594059415,0,0
350,11/16/2023,0,0,0,13469333.257425742,10352633.60891089,12783524.371287128,166019.797029702,134449.78712871298,174926.40594059415,0,0
351,11/17/2023,0,0,0,13644259.663366336,10487083.396039603,12949544.168316832,166019.79702970386,134449.78712871298,174926.40594059415,0,0
352,11/18/2023,0,0,0,13819186.06930693,10621533.183168316,13115563.965346534,166019.797029702,134449.78712871298,174926.40594059415,0,0
353,11/19/2023,0,0,0,13994112.475247525,10755982.97029703,13281583.762376238,166019.79702970386,134449.78712871298,174926.40594059415,0,0
354,11/20/2023,0,0,0,14169038.881188119,10890432.757425742,13447603.559405942,166019.79702970386,134449.78712871298,174926.40594059415,0,0
355,11/21/2023,0,0,0,14343965.287128713,11024882.544554455,13613623.356435644,166019.797029702,134449.78712871298,174926.40594059415,0,0
356,11/22/2023,0,0,0,14518891.693069307,11159332.331683168,13779643.153465347,166019.79702970386,134449.78712871298,174926.40594059415,0,0
357,11/23/2023,0,0,0,14693818.099009901,11293782.118811881,13945662.95049505,166019.797029702,134449.78712871298,174926.40594059415,0,0
358,11/24/2023,0,0,0,14868744.504950495,11428231.905940594,14111682.747524753,166019.79702970386,134449.78712871298,174926.40594059415,0,0
359,11/25/2023,0,0,0,15043670.91089109,11562681.693069307,14277702.544554455,166019.797029702,134449.78712871298,174926.40594059415,0,0
360,11/26/2023,0,0,0,15218597.316831684,11697131.48019802,14443722.341584159,166019.79702970386,134449.78712871298,174926.40594059415,0,0
361,11/27/2023,0,0,0,15393523.722772278,11831581.267326733,14609742.138613861,166019.797029702,134449.78712871298,174926.40594059415,0,0
362,11/28/2023,0,0,0,15568450.128712872,11966031.054455446,14775761.935643565,166019.79702970386,134449.78712871298,174926.40594059415,0,0
363,11/29/2023,0,0,0,15743376.534653466,12100480.841584159,14941781.732673267,166019.797029702,134449.78712871298,174926.40594059415,0,0
364,11/30/2023,0,0,0,15918302.940594058,12234930.628712872,15107801.52970297,166019.79702970386,134449.78712871298,174926.4059405923,0,0
365,12/01/2023,0,0,0,16093229.346534653,12369380.415841585,15273821.326732673,166019.797029702,134449.78712871298,174926.40594059415,0,0
366,12/02/2023,0,0,0,16268155.752475247,12503830.202970296,15439841.123762377,166019.79702970386,134449.78712871112,174926.40594059415,0,0
367,12/03/2023,0,0,0,16443082.158415841,12638279.99009901,15605860.920792079,166019.797029702,134449.78712871298,174926.40594059415,0,0
368,12/04/2023,0,0,0,16618008.564356435,12772729.777227722,15771880.717821782,166019.79702970386,134449.78712871298,174926.40594059415,0,0
369,12/05/2023,0,0,0,16792934.97029703,12907179.564356435,15937900.514851484,166019.797029702,134449.78712871298,174926.405940596,0,0
370,12/06/2023,0,0,0,16967861.376237623,13041629.351485148,16103920.311881188,166019.79702970386,134449.78712871298,174926.4059405923,0,0
371,12/07/2023,0,0,0,17142787.78217822,13176079.138613861,16269940.10891089,166019.797029702,134449.78712871298,174926.405940596,0,0
372,12/08/2023,0,0,0,17317714.18811881,13310528.925742574,16435959.905940594,166019.79702970386,134449.78712871298,174926.4059405923,0,0
373,12/09/2023,0,0,0,17492640.594059408,13444978.712871287,16601979.702970296,166019.797029702,134449.78712871298,174926.405940596,0,0
374,12/10/2023,0,0,0,17667567.0,13579428.5,16767999.5,166019.79702970386,134449.78712871298,174926.4059405923,0,0
375,12/11/2023,0,0,0,17842493.405940592,13713878.287128713,16934019.297029704,166019.79702970386,134449.78712871298,174926.4059405923,0,0
376,12/12/2023,0,0,0,18017419.81188119,13848328.074257426,17100039.094059408,166019.79702970386,134449.78712871298,174926.405940596,0,0
377,12/13/2023,0,0,0,18192346.21782178,13982777.861386139,17266058.891089108,166019.79702970013,134449.78712871298,174926.4059405923,0,0
378,12/14/2023,0,0,0,18367272.623762377,14117227.648514852,17432078.68811881,166019.79702970386,134449.78712871298,174926.405940596,0,0
379,12/15/2023,0,0,0,18542199.02970297,14251677.435643565,17598098.485148516,166019.79702970386,134449.78712871298,174926.4059405923,0,0
380,12/16/2023,0,0,0,18717125.435643565,14386127.222772278,17764118.28217822,166019.79702970386,134449.78712871298,174926.405940596,0,0
381,12/17/2023,0,0,0,18892051.841584157,14520577.00990099,17930138.07920792,166019.79702970013,134449.78712871298,174926.4059405923,0,0
382,12/18/2023,0,0,0,19066978.247524753,14655026.797029704,18096157.876237623,166019.79702970386,134449.78712871298,174926.405940596,0,0
383,12/19/2023,0,0,0,19241904.653465346,14789476.584158415,18262177.673267327,166019.79702970386,134449.78712871112,174926.4059405923,0,0
384,12/20/2023,0,0,0,19416831.05940594,14923926.371287128,18428197.47029703,166019.79702970386,134449.78712871298,174926.405940596,0,0
385,12/21/2023,0,0,0,19591757.465346534,15058376.158415841,18594217.26732673,166019.79702970013,134449.78712871298,174926.4059405923,0,0
386,12/22/2023,0,0,0,19766683.87128713,15192825.945544554,18760237.064356435,166019.79702970386,134449.78712871298,174926.405940596,0,0
387,12/23/2023,0,0,0,19941610.277227722,15327275.732673267,18926256.86138614,166019.79702970386,134449.78712871298,174926.4059405923,0,0
388,12/24/2023,0,0,0,20116536.683168318,15461725.51980198,19092276.658415843,166019.79702970386,134449.78712871298,174926.405940596,0,0
389,12/25/2023,0,0,0,20291463.08910891,15596175.306930693,19258296.455445543,166019.79702970013,134449.78712871298,174926.4059405923,0,0
390,12/26/2023,0,0,0,20466389.495049506,15730625.094059406,19424316.252475247,166019.79702970386,134449.78712871298,174926.405940596,0,0
391,12/27/2023,0,0,0,20641315.9009901,15865074.881188119,19590336.04950495,166019.79702970386,134449.78712871298,174926.4059405923,0,0
392,12/28/2023,0,0,0,20816242.306930695,15999524.668316832,19756355.846534654,166019.79702970386,134449.78712871298,174926.405940596,0,0
393,12/29/2023,0,0,0,20991168.712871287,16133974.455445545,19922375.643564355,166019.79702970013,134449.78712871298,174926.4059405923,0,0
394,12/30/2023,0,0,0,21166095.118811883,16268424.242574258,20088395.44059406,166019.79702970386,134449.78712871298,174926.405940596,0,0
395,12/31/2023,0,0,0,21341021.524752475,16402874.02970297,20254415.237623762,166019.79702970386,134449.78712871298,174926.4059405923,0,0
396,01/01/2024,0,0,0,21515947.930693068,16537323.816831684,20420435.034653466,166019.79702970386,134449.78712871298,174926.4059405923,0,0
397,01/02/2024,0,0,0,21690874.336633664,16671773.603960397,20586454.83168317,166019.79702970386,134449.78712871298,174926.405940596,0,0
398,01/03/2024,0,0,0,21865800.742574256,16806223.391089108,20752474.62871287,166019.79702970013,134449.78712871112,174926.4059405923,0,0
399,01/04/2024,0,0,0,22040727.148514852,16940673.17821782,20918494.425742574,166019.79702970386,134449.78712871298,174926.405940596,0,0
400,01/05/2024,0,0,0,22215653.554455444,17075122.965346534,21084514.222772278,166019.79702970386,134449.78712871298,174926.4059405923,0,0
401,01/06/2024,0,0,0,22390579.96039604,17209572.752475247,21250534.01980198,166019.79702970386,134449.78712871298,174926.405940596,0,0
402,01/07/2024,0,0,0,22565506.366336633,17344022.53960396,21416553.816831682,166019.79702970013,134449.78712871298,174926.4059405923,0,0
403,01/08/2024,0,0,0,22740432.77227723,17478472.326732673,21582573.613861386,166019.79702970386,134449.78712871298,174926.405940596,0,0
404,01/09/2024,0,0,0,22915359.17821782,17612922.113861386,21748593.41089109,166019.79702970386,134449.78712871298,174926.4059405923,0,0
405,01/10/2024,0,0,0,23090285.584158417,17747371.9009901,21914613.207920793,166019.79702970386,134449.78712871298,174926.405940596,0,0
406,01/11/2024,0,0,0,23265211.99009901,17881821.68811881,22080633.004950494,166019.79702970013,134449.78712871298,174926.4059405923,0,0
407,01/12/2024,0,0,0,23440138.396039605,18016271.475247525,22246652.801980197,166019.79702970386,134449.78712871298,174926.405940596,0,0
408,01/13/2024,0,0,0,23615064.801980197,18150721.262376238,22412672.5990099,166019.79702970386,134449.78712871298,174926.4059405923,0,0
409,01/14/2024,0,0,0,23789991.207920793,18285171.04950495,22578692.396039605,166019.79702970386,134449.78712871298,174926.405940596,0,0
410,01/15/2024,0,0,0,23964917.613861386,18419620.836633664,22744712.193069305,166019.79702970013,134449.78712871298,174926.4059405923,0,0
411,01/16/2024,0,0,0,24139844.01980198,18554070.623762377,22910731.99009901,166019.79702970386,134449.78712871298,174926.405940596,0,0
412,01/17/2024,0,0,0,24314770.425742574,18688520.41089109,23076751.787128713,166019.79702970386,134449.78712871298,174926.4059405923,0,0
413,01/18/2024,0,0,0,24489696.83168317,18822970.198019803,23242771.584158417,166019.79702970386,134449.78712871298,174926.405940596,0,0
414,01/19/2024,0,0,0,24664623.237623762,18957419.985148516,23408791.381188117,166019.79702970013,134449.78712871298,174926.4059405923,0,0
415,01/20/2024,0,0,0,24839549.643564355,19091869.77227723,23574811.17821782,166019.79702970386,134449.78712871298,174926.4059405923,0,0
416,01/21/2024,0,0,0,25014476.04950495,19226319.55940594,23740830.975247525,166019.79702970386,134449.78712871298,174926.405940596,0,0
417,01/22/2024,0,0,0,25189402.455445543,19360769.346534654,23906850.77227723,166019.79702970386,134449.78712871298,174926.4059405923,0,0
418,01/23/2024,0,0,0,25364328.86138614,19495219.133663367,24072870.569306932,166019.79702970386,134449.78712871298,174926.405940596,0,0
419,01/24/2024,0,0,0,25539255.26732673,19629668.92079208,24238890.366336633,166019.79702970013,134449.78712871298,174926.4059405923,0,0
420,01/25/2024,0,0,0,25714181.673267327,19764118.707920793,24404910.163366336,166019.79702970386,134449.78712871298,174926.405940596,0,0
421,01/26/2024,0,0,0,25889108.07920792,19898568.495049506,24570929.96039604,166019.79702970386,134449.78712871298,174926.4059405923,0,0
422,01/27/2024,0,0,0,26064034.485148516,20033018.28217822,24736949.757425744,166019.79702970386,134449.78712871298,174926.405940596,0,0
423,01/28/2024,0,0,0,26238960.891089108,20167468.069306932,24902969.554455444,166019.79702970013,134449.78712871298,174926.4059405923,0,0
424,01/29/2024,0,0,0,26413887.297029704,20301917.856435645,25068989.351485148,166019.79702970386,134449.78712871298,174926.405940596,0,0
425,01/30/2024,0,0,0,26588813.702970296,20436367.643564355,25235009.148514852,166019.79702970386,134449.78712870926,174926.4059405923,0,0
426,01/31/2024,0,0,0,26763740.108910892,20570817.430693068,25401028.945544556,166019.79702970386,134449.78712871298,174926.405940596,0,0
427,02/01/2024,0,0,0,26938666.514851484,20705267.21782178,25567048.742574256,166019.79702970013,134449.78712871298,174926.4059405923,0,0
428,02/02/2024,0,0,0,27113592.92079208,20839717.004950494,25733068.53960396,166019.79702970386,134449.78712871298,174926.405940596,0,0
429,02/03/2024,0,0,0,27288519.326732673,20974166.792079207,25899088.336633664,166019.79702970386,134449.78712871298,174926.4059405923,0,0
430,02/04/2024,0,0,0,27463445.73267327,21108616.57920792,26065108.133663367,166019.79702970386,134449.78712871298,174926.405940596,0,0
431,02/05/2024,0,0,0,27638372.13861386,21243066.366336633,26231127.930693068,166019.79702970013,134449.78712871298,174926.4059405923,0,0
432,02/06/2024,0,0,0,27813298.544554457,21377516.153465346,26397147.72772277,166019.79702970386,134449.78712871298,174926.405940596,0,0
433,02/07/2024,0,0,0,27988224.95049505,21511965.94059406,26563167.524752475,166019.79702970386,134449.78712871298,174926.4059405923,0,0
434,02/08/2024,0,0,0,28163151.356435645,21646415.72772277,26729187.32178218,166019.79702970386,134449.78712871298,174926.405940596,0,0
435,02/09/2024,0,0,0,28338077.762376238,21780865.514851484,26895207.118811883,166019.79702970386,134449.78712871298,174926.4059405923,0,0
436,02/10/2024,0,0,0,28513004.16831683,21915315.301980197,27061226.915841583,166019.79702970013,134449.78712871298,174926.4059405923,0,0
437,02/11/2024,0,0,0,28687930.574257426,22049765.08910891,27227246.712871287,166019.79702970386,134449.78712871298,174926.405940596,0,0
438,02/12/2024,0,0,0,28862856.98019802,22184214.876237623,27393266.50990099,166019.79702970386,134449.78712871298,174926.4059405923,0,0
439,02/13/2024,0,0,0,29037783.386138614,22318664.663366336,27559286.306930695,166019.79702970386,134449.78712871298,174926.405940596,0,0
440,02/14/2024,0,0,0,29212709.792079207,22453114.45049505,27725306.103960395,166019.79702970013,134449.78712871298,174926.4059405923,0,0
441,02/15/2024,0,0,0,29387636.198019803,22587564.237623762,27891325.9009901,166019.79702970386,134449.78712871298,174926.405940596,0,0
442,02/16/2024,0,0,0,29562562.603960395,22722014.024752475,28057345.698019803,166019.79702970386,134449.78712871298,174926.4059405923,0,0
443,02/17/2024,0,0,0,29737489.00990099,22856463.81188119,28223365.495049506,166019.79702970386,134449.78712871298,174926.405940596,0,0
444,02/18/2024,0,0,0,29912415.415841583,22990913.5990099,28389385.292079207,166019.79702970013,134449.78712871298,174926.4059405923,0,0
445,02/19/2024,0,0,0,30087341.82178218,23125363.386138614,28555405.08910891,166019.79702970386,134449.78712871298,174926.405940596,0,0
446,02/20/2024,0,0,0,30262268.22772277,23259813.173267327,28721424.886138614,166019.79702970386,134449.78712871298,174926.4059405923,0,0
447,02/21/2024,0,0,0,30437194.633663367,23394262.96039604,28887444.683168318,166019.79702970386,134449.78712871298,174926.405940596,0,0
448,02/22/2024,0,0,0,30612121.03960396,23528712.747524753,29053464.48019802,166019.79702970013,134449.78712871298,174926.4059405923,0,0
449,02/23/2024,0,0,0,30787047.445544556,23663162.534653466,29219484.277227722,166019.79702970386,134449.78712871298,174926.405940596,0,0
450,02/24/2024,0,0,0,30961973.851485148,23797612.32178218,29385504.074257426,166019.79702970386,134449.78712871298,174926.4059405923,0,0
451,02/25/2024,0,0,0,31136900.257425744,23932062.108910892,29551523.87128713,166019.79702970386,134449.78712871298,174926.405940596,0,0
452,02/26/2024,0,0,0,31311826.663366336,24066511.896039605,29717543.66831683,166019.79702970013,134449.78712871298,174926.4059405923,0,0
453,02/27/2024,0,0,0,31486753.069306932,24200961.683168318,29883563.465346534,166019.79702970386,134449.78712871298,174926.405940596,0,0
454,02/28/2024,0,0,0,31661679.475247525,24335411.47029703,30049583.262376238,166019.79702970386,134449.78712871298,174926.4059405923,0,0
455,02/29/2024,0,0,0,31836605.881188117,24469861.257425744,30215603.05940594,166019.79702970386,134449.78712871298,174926.4059405923,0,0
456,03/01/2024,0,0,0,32011532.287128713,24604311.044554457,30381622.856435645,166019.79702970386,134449.78712871298,174926.405940596,0,0
457,03/02/2024,0,0,0,32186458.693069305,24738760.83168317,30547642.653465346,166019.79702970013,134449.78712871298,174926.4059405923,0,0
458,03/03/2024,0,0,0,32361385.0990099,24873210.618811883,30713662.45049505,166019.79702970386,134449.78712871298,174926.405940596,0,0
459,03/04/2024,0,0,0,32536311.504950494,25007660.405940592,30879682.247524753,166019.79702970386,134449.78712870926,174926.4059405923,0,0
460,03/05/2024,0,0,0,32711237.91089109,25142110.193069305,31045702.044554457,166019.79702970386,134449.78712871298,174926.405940596,0,0
461,03/06/2024,0,0,0,32886164.316831682,25276559.98019802,31211721.841584157,166019.79702970013,134449.78712871298,174926.4059405923,0,0
462,03/07/2024,0,0,0,33061090.722772278,25411009.76732673,31377741.63861386,166019.79702970386,134449.78712871298,174926.405940596,0,0
463,03/08/2024,0,0,0,33236017.12871287,25545459.554455444,31543761.435643565,166019.79702970386,134449.78712871298,174926.4059405923,0,0
464,03/09/2024,0,0,0,33410943.534653466,25679909.341584157,31709781.23267327,166019.79702970386,134449.78712871298,174926.405940596,0,0
465,03/10/2024,0,0,0,33585869.94059406,25814359.12871287,31875801.02970297,166019.79702970013,134449.78712871298,174926.405940596,0,0
466,03/11/2024,0,0,0,33760796.346534654,25948808.915841583,32041820.826732673,166019.79702970386,134449.78712871298,174926.4059405923,0,0
467,03/12/2024,0,0,0,33935722.75247525,26083258.702970296,32207840.623762377,166019.79702970386,134449.78712871298,174926.4059405923,0,0
468,03/13/2024,0,0,0,34110649.15841584,26217708.49009901,32373860.42079208,166019.79702970386,134449.78712871298,174926.4059405923,0,0
469,03/14/2024,0,0,0,34285575.56435644,26352158.277227722,32539880.21782178,166019.79702970013,134449.78712871298,174926.40594059974,0,0
470,03/15/2024,0,0,0,34460501.97029703,26486608.064356435,32705900.014851484,166019.79702970386,134449.78712871298,174926.4059405923,0,0
471,03/16/2024,0,0,0,34635428.37623762,26621057.851485148,32871919.81188119,166019.79702970386,134449.78712871298,174926.4059405923,0,0
472,03/17/2024,0,0,0,34810354.782178216,26755507.63861386,33037939.608910892,166019.79702970386,134449.78712871298,174926.4059405923,0,0
473,03/18/2024,0,0,0,34985281.188118815,26889957.425742574,33203959.405940592,166019.79702970013,134449.78712871298,174926.40594059974,0,0
474,03/19/2024,0,0,0,35160207.59405941,27024407.212871287,33369979.202970296,166019.79702970386,134449.78712871298,174926.4059405923,0,0
475,03/20/2024,0,0,0,35160207.59405941,27024407.212871287,33369979.202970296,0.0,0.0,0.0,0,0
476,03/21/2024,0,0,0,35160207.59405941,27024407.212871287,33369979.202970296,0.0,0.0,0.0,0,0
477,03/22/2024,0,0,0,35160207.59405941,27024407.212871287,33369979.202970296,0.0,0.0,0.0,0,0
478,03/23/2024,0,0,0,35160207.59405941,27024407.212871287,33369979.202970296,0.0,0.0,0.0,0,0
479,03/24/2024,0,0,0,35160207.59405941,27024407.212871287,33369979.202970296,0.0,0.0,0.0,0,0
480,03/25/2024,0,0,0,35160207.59405941,27024407.212871287,33369979.202970296,0.0,0.0,0.0,0,0
481,03/26/2024,0,0,0,35160207.59405941,27024407.212871287,33369979.202970296,0.0,0.0,0.0,0,0
482,03/27/2024,0,0,0,35160207.59405941,27024407.212871287,33369979.202970296,0.0,0.0,0.0,0,0
483,03/28/2024,0,0,0,35160207.59405941,27024407.212871287,33369979.202970296,0.0,0.0,0.0,0,0
484,03/29/2024,0,0,0,35160207.59405941,27024407.212871287,33369979.202970296,0.0,0.0,0.0,0,0
485,03/30/2024,0,0,0,35160207.59405941,27024407.212871287,33369979.202970296,0.0,0.0,0.0,0,0
486,03/31/2024,0,0,0,35160207.59405941,27024407.212871287,33369979.202970296,0.0,0.0,0.0,0,0
487,04/01/2024,0,0,0,35160207.59405941,27024407.212871287,33369979.202970296,0.0,0.0,0.0,0,0
488,04/02/2024,0,0,0,35160207.59405941,27024407.212871287,33369979.202970296,0.0,0.0,0.0,0,0
489,04/03/2024,0,0,0,35160207.59405941,27024407.212871287,33369979.202970296,0.0,0.0,0.0,0,0
490,04/04/2024,0,0,0,35160207.59405941,27024407.212871287,33369979.202970296,0.0,0.0,0.0,0,0
491,04/05/2024,0,0,0,35160207.59405941,27024407.212871287,33369979.202970296,0.0,0.0,0.0,0,0
492,04/06/2024,0,0,0,35160207.59405941,27024407.212871287,33369979.202970296,0.0,0.0,0.0,0,0
493,04/07/2024,0,0,0,35160207.59405941,27024407.212871287,33369979.202970296,0.0,0.0,0.0,0,0
494,04/08/2024,0,0,0,35160207.59405941,27024407.212871287,33369979.202970296,0.0,0.0,0.0,0,0
495,04/09/2024,0,0,0,35160207.59405941,27024407.212871287,33369979.202970296,0.0,0.0,0.0,0,0
496,04/10/2024,0,0,0,35160207.59405941,27024407.212871287,33369979.202970296,0.0,0.0,0.0,0,0
497,04/11/2024,0,0,0,35160207.59405941,27024407.212871287,33369979.202970296,0.0,0.0,0.0,0,0
498,04/12/2024,0,0,0,35160207.59405941,27024407.212871287,33369979.202970296,0.0,0.0,0.0,0,0
499,04/13/2024,0,0,0,35160207.59405941,27024407.212871287,33369979.202970296,0.0,0.0,0.0,0,0
500,04/14/2024,0,0,0,35160207.59405941,27024407.212871287,33369979.202970296,0.0,0.0,0.0,0,0
501,04/15/2024,0,0,0,35160207.59405941,27024407.212871287,33369979.202970296,0.0,0.0,0.0,0,0
502,04/16/2024,0,0,0,35160207.59405941,27024407.212871287,33369979.202970296,0.0,0.0,0.0,0,0
503,04/17/2024,0,0,0,35160207.59405941,27024407.212871287,33369979.202970296,0.0,0.0,0.0,0,0
504,04/18/2024,0,0,0,35160207.59405941,27024407.212871287,33369979.202970296,0.0,0.0,0.0,0,0
505,04/19/2024,0,0,0,35160207.59405941,27024407.212871287,33369979.202970296,0.0,0.0,0.0,0,0
506,04/20/2024,0,0,0,35160207.59405941,27024407.212871287,33369979.202970296,0.0,0.0,0.0,0,0
507,04/21/2024,0,0,0,35160207.59405941,27024407.212871287,33369979.202970296,0.0,0.0,0.0,0,0
508,04/22/2024,0,0,0,35160207.59405941,27024407.212871287,33369979.202970296,0.0,0.0,0.0,0,0
509,04/23/2024,0,0,0,35160207.59405941,27024407.212871287,33369979.202970296,0.0,0.0,0.0,0,0
510,04/24/2024,0,0,0,35160207.59405941,27024407.212871287,33369979.202970296,0.0,0.0,0.0,0,0
511,04/25/2024,0,0,0,35160207.59405941,27024407.212871287,33369979.202970296,0.0,0.0,0.0,0,0
512,04/26/2024,0,0,0,35160207.59405941,27024407.212871287,33369979.202970296,0.0,0.0,0.0,0,0
513,04/27/2024,0,0,0,35160207.59405941,27024407.212871287,33369979.202970296,0.0,0.0,0.0,0,0
514,04/28/2024,0,0,0,35160207.59405941,27024407.212871287,33369979.202970296,0.0,0.0,0.0,0,0
515,04/29/2024,0,0,0,35160207.59405941,27024407.212871287,33369979.202970296,0.0,0.0,0.0,0,0
516,04/30/2024,0,0,0,35160207.59405941,27024407.212871287,33369979.202970296,0.0,0.0,0.0,0,0
517,05/01/2024,0,0,0,35160207.59405941,27024407.212871287,33369979.202970296,0.0,0.0,0.0,0,0
518,05/02/2024,0,0,0,35160207.59405941,27024407.212871287,33369979.202970296,0.0,0.0,0.0,0,0
519,05/03/2024,0,0,0,35160207.59405941,27024407.212871287,33369979.202970296,0.0,0.0,0.0,0,0
520,05/04/2024,0,0,0,35160207.59405941,27024407.212871287,33369979.202970296,0.0,0.0,0.0,0,0
521,05/05/2024,0,0,0,35160207.59405941,27024407.212871287,33369979.202970296,0.0,0.0,0.0,0,0
522,05/06/2024,0,0,0,35160207.59405941,27024407.212871287,33369979.202970296,0.0,0.0,0.0,0,0
523,05/07/2024,0,0,0,35160207.59405941,27024407.212871287,33369979.202970296,0.0,0.0,0.0,0,0
524,05/08/2024,0,0,0,35160207.59405941,27024407.212871287,33369979.202970296,0.0,0.0,0.0,0,0
525,05/09/2024,0,0,0,35160207.59405941,27024407.212871287,33369979.202970296,0.0,0.0,0.0,0,0
526,05/10/2024,0,0,0,35160207.59405941,27024407.212871287,33369979.202970296,0.0,0.0,0.0,0,0
527,05/11/2024,0,0,0,35160207.59405941,27024407.212871287,33369979.202970296,0.0,0.0,0.0,0,0
528,05/12/2024,0,0,0,35160207.59405941,27024407.212871287,33369979.202970296,0.0,0.0,0.0,0,0
529,05/13/2024,0,0,0,35160207.59405941,27024407.212871287,33369979.202970296,0.0,0.0,0.0,0,0
530,05/14/2024,0,0,0,35160207.59405941,27024407.212871287,33369979.202970296,0.0,0.0,0.0,0,0
531,05/15/2024,0,0,0,35160207.59405941,27024407.212871287,33369979.202970296,0.0,0.0,0.0,0,0
532,05/16/2024,0,0,0,35160207.59405941,27024407.212871287,33369979.202970296,0.0,0.0,0.0,0,0
533,05/17/2024,0,0,0,35160207.59405941,27024407.212871287,33369979.202970296,0.0,0.0,0.0,0,0
534,05/18/2024,0,0,0,35160207.59405941,27024407.212871287,33369979.202970296,0.0,0.0,0.0,0,0
535,05/19/2024,0,0,0,35160207.59405941,27024407.212871287,33369979.202970296,0.0,0.0,0.0,0,0
536,05/20/2024,0,0,0,35160207.59405941,27024407.212871287,33369979.202970296,0.0,0.0,0.0,0,0
537,05/21/2024,0,0,0,35160207.59405941,27024407.212871287,33369979.202970296,0.0,0.0,0.0,0,0
538,05/22/2024,0,0,0,35160207.59405941,27024407.212871287,33369979.202970296,0.0,0.0,0.0,0,0
539,05/23/2024,0,0,0,35160207.59405941,27024407.212871287,33369979.202970296,0.0,0.0,0.0,0,0
540,05/24/2024,0,0,0,35160207.59405941,27024407.212871287,33369979.202970296,0.0,0.0,0.0,0,0
541,05/25/2024,0,0,0,35160207.59405941,27024407.212871287,33369979.202970296,0.0,0.0,0.0,0,0
542,05/26/2024,0,0,0,35160207.59405941,27024407.212871287,33369979.202970296,0.0,0.0,0.0,0,0
543,05/27/2024,0,0,0,35160207.59405941,27024407.212871287,33369979.202970296,0.0,0.0,0.0,0,0
544,05/28/2024,0,0,0,35160207.59405941,27024407.212871287,33369979.202970296,0.0,0.0,0.0,0,0
545,05/29/2024,0,0,0,35160207.59405941,27024407.212871287,33369979.202970296,0.0,0.0,0.0,0,0
546,05/30/2024,0,0,0,35160207.59405941,27024407.212871287,33369979.202970296,0.0,0.0,0.0,0,0
547,05/31/2024,0,0,0,35160207.59405941,27024407.212871287,33369979.202970296,0.0,0.0,0.0,0,0
548,06/01/2024,0,0,0,35160207.59405941,27024407.212871287,33369979.202970296,0.0,0.0,0.0,0,0
549,06/02/2024,0,0,0,35160207.59405941,27024407.212871287,33369979.202970296,0.0,0.0,0.0,0,0
550,06/03/2024,0,0,0,35160207.59405941,27024407.212871287,33369979.202970296,0.0,0.0,0.0,0,0
551,06/04/2024,0,0,0,35160207.59405941,27024407.212871287,33369979.202970296,0.0,0.0,0.0,0,0
552,06/05/2024,0,0,0,35160207.59405941,27024407.212871287,33369979.202970296,0.0,0.0,0.0,0,0
553,06/06/2024,0,0,0,35160207.59405941,27024407.212871287,33369979.202970296,0.0,0.0,0.0,0,0
554,06/07/2024,0,0,0,35160207.59405941,27024407.212871287,33369979.202970296,0.0,0.0,0.0,0,0
555,06/08/2024,0,0,0,35160207.59405941,27024407.212871287,33369979.202970296,0.0,0.0,0.0,0,0
556,06/09/2024,0,0,0,35160207.59405941,27024407.212871287,33369979.202970296,0.0,0.0,0.0,0,0
557,06/10/2024,0,0,0,35160207.59405941,27024407.212871287,33369979.202970296,0.0,0.0,0.0,0,0
558,06/11/2024,0,0,0,35160207.59405941,27024407.212871287,33369979.202970296,0.0,0.0,0.0,0,0
559,06/12/2024,0,0,0,35160207.59405941,27024407.212871287,33369979.202970296,0.0,0.0,0.0,0,0
560,06/13/2024,0,0,0,35160207.59405941,27024407.212871287,33369979.202970296,0.0,0.0,0.0,0,0
561,06/14/2024,0,0,0,35160207.59405941,27024407.212871287,33369979.202970296,0.0,0.0,0.0,0,0
562,06/15/2024,0,0,0,35160207.59405941,27024407.212871287,33369979.202970296,0.0,0.0,0.0,0,0
563,06/16/2024,0,0,0,35160207.59405941,27024407.212871287,33369979.202970296,0.0,0.0,0.0,0,0
564,06/17/2024,0,0,0,35160207.59405941,27024407.212871287,33369979.202970296,0.0,0.0,0.0,0,0
565,06/18/2024,0,0,0,35160207.59405941,27024407.212871287,33369979.202970296,0.0,0.0,0.0,0,0
566,06/19/2024,0,0,0,35160207.59405941,27024407.212871287,33369979.202970296,0.0,0.0,0.0,0,0
567,06/20/2024,0,0,0,35160207.59405941,27024407.212871287,33369979.202970296,0.0,0.0,0.0,0,0
568,06/21/2024,0,0,0,35160207.59405941,27024407.212871287,33369979.202970296,0.0,0.0,0.0,0,0
569,06/22/2024,0,0,0,35160207.59405941,27024407.212871287,33369979.202970296,0.0,0.0,0.0,0,0
570,06/23/2024,0,0,0,35160207.59405941,27024407.212871287,33369979.202970296,0.0,0.0,0.0,0,0
571,06/24/2024,0,0,0,35160207.59405941,27024407.212871287,33369979.202970296,0.0,0.0,0.0,0,0
572,06/25/2024,0,0,0,35160207.59405941,27024407.212871287,33369979.202970296,0.0,0.0,0.0,0,0
573,06/26/2024,0,0,0,35160207.59405941,27024407.212871287,33369979.202970296,0.0,0.0,0.0,0,0
574,06/27/2024,0,0,0,35160207.59405941,27024407.212871287,33369979.202970296,0.0,0.0,0.0,0,0
575,06/28/2024,0,0,0,35160207.59405941,27024407.212871287,33369979.202970296,0.0,0.0,0.0,0,0
576,06/29/2024,0,0,0,35160207.59405941,27024407.212871287,33369979.202970296,0.0,0.0,0.0,0,0
577,06/30/2024,0,0,0,35160207.59405941,27024407.212871287,33369979.202970296,0.0,0.0,0.0,0,0
578,07/01/2024,0,0,0,35160207.59405941,27024407.212871287,33369979.202970296,0.0,0.0,0.0,0,0
579,07/02/2024,0,0,0,35160207.59405941,27024407.212871287,33369979.202970296,0.0,0.0,0.0,0,0
580,07/03/2024,0,0,0,35160207.59405941,27024407.212871287,33369979.202970296,0.0,0.0,0.0,0,0
581,07/04/2024,0,0,0,35160207.59405941,27024407.212871287,33369979.202970296,0.0,0.0,0.0,0,0
582,07/05/2024,0,0,0,35160207.59405941,27024407.212871287,33369979.202970296,0.0,0.0,0.0,0,0
583,07/06/2024,0,0,0,35160207.59405941,27024407.212871287,33369979.202970296,0.0,0.0,0.0,0,0
584,07/07/2024,0,0,0,35160207.59405941,27024407.212871287,33369979.202970296,0.0,0.0,0.0,0,0
585,07/08/2024,0,0,0,35160207.59405941,27024407.212871287,33369979.202970296,0.0,0.0,0.0,0,0
586,07/09/2024,0,0,0,35160207.59405941,27024407.212871287,33369979.202970296,0.0,0.0,0.0,0,0
587,07/10/2024,0,0,0,35160207.59405941,27024407.212871287,33369979.202970296,0.0,0.0,0.0,0,0
588,07/11/2024,0,0,0,35160207.59405941,27024407.212871287,33369979.202970296,0.0,0.0,0.0,0,0
589,07/12/2024,0,0,0,35160207.59405941,27024407.212871287,33369979.202970296,0.0,0.0,0.0,0,0
590,07/13/2024,0,0,0,35160207.59405941,27024407.212871287,33369979.202970296,0.0,0.0,0.0,0,0
591,07/14/2024,0,0,0,35160207.59405941,27024407.212871287,33369979.202970296,0.0,0.0,0.0,0,0
592,07/15/2024,0,0,0,35160207.59405941,27024407.212871287,33369979.202970296,0.0,0.0,0.0,0,0
593,07/16/2024,0,0,0,35160207.59405941,27024407.212871287,33369979.202970296,0.0,0.0,0.0,0,0
594,07/17/2024,0,0,0,35160207.59405941,27024407.212871287,33369979.202970296,0.0,0.0,0.0,0,0
595,07/18/2024,0,0,0,35160207.59405941,27024407.212871287,33369979.202970296,0.0,0.0,0.0,0,0
596,07/19/2024,0,0,0,35160207.59405941,27024407.212871287,33369979.202970296,0.0,0.0,0.0,0,0
597,07/20/2024,0,0,0,35160207.59405941,27024407.212871287,33369979.202970296,0.0,0.0,0.0,0,0
598,07/21/2024,0,0,0,35160207.59405941,27024407.212871287,33369979.202970296,0.0,0.0,0.0,0,0
599,07/22/2024,0,0,0,35160207.59405941,27024407.212871287,33369979.202970296,0.0,0.0,0.0,0,0
600,07/23/2024,0,0,0,35160207.59405941,27024407.212871287,33369979.202970296,0.0,0.0,0.0,0,0
601,07/24/2024,0,0,0,35160207.59405941,27024407.212871287,33369979.202970296,0.0,0.0,0.0,0,0
602,07/25/2024,0,0,0,35160207.59405941,27024407.212871287,33369979.202970296,0.0,0.0,0.0,0,0
603,07/26/2024,0,0,0,35160207.59405941,27024407.212871287,33369979.202970296,0.0,0.0,0.0,0,0
604,07/27/2024,0,0,0,35160207.59405941,27024407.212871287,33369979.202970296,0.0,0.0,0.0,0,0
605,07/28/2024,0,0,0,35160207.59405941,27024407.212871287,33369979.202970296,0.0,0.0,0.0,0,0
606,07/29/2024,0,0,0,35160207.59405941,27024407.212871287,33369979.202970296,0.0,0.0,0.0,0,0
607,07/30/2024,0,0,0,35160207.59405941,27024407.212871287,33369979.202970296,0.0,0.0,0.0,0,0
608,07/31/2024,0,0,0,35160207.59405941,27024407.212871287,33369979.202970296,0.0,0.0,0.0,0,0
609,08/01/2024,0,0,0,35160207.59405941,27024407.212871287,33369979.202970296,0.0,0.0,0.0,0,0
610,08/02/2024,0,0,0,35160207.59405941,27024407.212871287,33369979.202970296,0.0,0.0,0.0,0,0
611,08/03/2024,0,0,0,35160207.59405941,27024407.212871287,33369979.202970296,0.0,0.0,0.0,0,0
612,08/04/2024,0,0,0,35160207.59405941,27024407.212871287,33369979.202970296,0.0,0.0,0.0,0,0
613,08/05/2024,0,0,0,35160207.59405941,27024407.212871287,33369979.202970296,0.0,0.0,0.0,0,0
614,08/06/2024,0,0,0,35160207.59405941,27024407.212871287,33369979.202970296,0.0,0.0,0.0,0,0
615,08/07/2024,0,0,0,35160207.59405941,27024407.212871287,33369979.202970296,0.0,0.0,0.0,0,0
616,08/08/2024,0,0,0,35160207.59405941,27024407.212871287,33369979.202970296,0.0,0.0,0.0,0,0
617,08/09/2024,0,0,0,35160207.59405941,27024407.212871287,33369979.202970296,0.0,0.0,0.0,0,0
618,08/10/2024,0,0,0,35160207.59405941,27024407.212871287,33369979.202970296,0.0,0.0,0.0,0,0
619,08/11/2024,0,0,0,35160207.59405941,27024407.212871287,33369979.202970296,0.0,0.0,0.0,0,0
620,08/12/2024,0,0,0,35160207.59405941,27024407.212871287,33369979.202970296,0.0,0.0,0.0,0,0
621,08/13/2024,0,0,0,35160207.59405941,27024407.212871287,33369979.202970296,0.0,0.0,0.0,0,0
622,08/14/2024,0,0,0,35160207.59405941,27024407.212871287,33369979.202970296,0.0,0.0,0.0,0,0
623,08/15/2024,0,0,0,35160207.59405941,27024407.212871287,33369979.202970296,0.0,0.0,0.0,0,0
624,08/16/2024,0,0,0,35160207.59405941,27024407.212871287,33369979.202970296,0.0,0.0,0.0,0,0
625,08/17/2024,0,0,0,35160207.59405941,27024407.212871287,33369979.202970296,0.0,0.0,0.0,0,0
626,08/18/2024,0,0,0,35160207.59405941,27024407.212871287,33369979.202970296,0.0,0.0,0.0,0,0
627,08/19/2024,0,0,0,35160207.59405941,27024407.212871287,33369979.202970296,0.0,0.0,0.0,0,0
628,08/20/2024,0,0,0,35160207.59405941,27024407.212871287,33369979.202970296,0.0,0.0,0.0,0,0
629,08/21/2024,0,0,0,35160207.59405941,27024407.212871287,33369979.202970296,0.0,0.0,0.0,0,0
630,08/22/2024,0,0,0,35160207.59405941,27024407.212871287,33369979.202970296,0.0,0.0,0.0,0,0
631,08/23/2024,0,0,0,35160207.59405941,27024407.212871287,33369979.202970296,0.0,0.0,0.0,0,0
632,08/24/2024,0,0,0,35160207.59405941,27024407.212871287,33369979.202970296,0.0,0.0,0.0,0,0
633,08/25/2024,0,0,0,35160207.59405941,27024407.212871287,33369979.202970296,0.0,0.0,0.0,0,0
634,08/26/2024,0,0,0,35160207.59405941,27024407.212871287,33369979.202970296,0.0,0.0,0.0,0,0
635,08/27/2024,0,0,0,35160207.59405941,27024407.212871287,33369979.202970296,0.0,0.0,0.0,0,0
636,08/28/2024,0,0,0,35160207.59405941,27024407.212871287,33369979.202970296,0.0,0.0,0.0,0,0
637,08/29/2024,0,0,0,35160207.59405941,27024407.212871287,33369979.202970296,0.0,0.0,0.0,0,0
638,08/30/2024,0,0,0,35160207.59405941,27024407.212871287,33369979.202970296,0.0,0.0,0.0,0,0
639,08/31/2024,0,0,0,35160207.59405941,27024407.212871287,33369979.202970296,0.0,0.0,0.0,0,0
640,09/01/2024,0,0,0,35160207.59405941,27024407.212871287,33369979.202970296,0.0,0.0,0.0,0,0
641,09/02/2024,0,0,0,35160207.59405941,27024407.212871287,33369979.202970296,0.0,0.0,0.0,0,0
642,09/03/2024,0,0,0,35160207.59405941,27024407.212871287,33369979.202970296,0.0,0.0,0.0,0,0
643,09/04/2024,0,0,0,35160207.59405941,27024407.212871287,33369979.202970296,0.0,0.0,0.0,0,0
644,09/05/2024,0,0,0,35160207.59405941,27024407.212871287,33369979.202970296,0.0,0.0,0.0,0,0
645,09/06/2024,0,0,0,35160207.59405941,27024407.212871287,33369979.202970296,0.0,0.0,0.0,0,0
646,09/07/2024,0,0,0,35160207.59405941,27024407.212871287,33369979.202970296,0.0,0.0,0.0,0,0
647,09/08/2024,0,0,0,35160207.59405941,27024407.212871287,33369979.202970296,0.0,0.0,0.0,0,0
648,09/09/2024,0,0,0,35160207.59405941,27024407.212871287,33369979.202970296,0.0,0.0,0.0,0,0
649,09/10/2024,0,0,0,35160207.59405941,27024407.212871287,33369979.202970296,0.0,0.0,0.0,0,0
650,09/11/2024,0,0,0,35160207.59405941,27024407.212871287,33369979.202970296,0.0,0.0,0.0,0,0
651,09/12/2024,0,0,0,35160207.59405941,27024407.212871287,33369979.202970296,0.0,0.0,0.0,0,0
652,09/13/2024,0,0,0,35160207.59405941,27024407.212871287,33369979.202970296,0.0,0.0,0.0,0,0
653,09/14/2024,0,0,0,35160207.59405941,27024407.212871287,33369979.202970296,0.0,0.0,0.0,0,0
654,09/15/2024,0,0,0,35160207.59405941,27024407.212871287,33369979.202970296,0.0,0.0,0.0,0,0
655,09/16/2024,0,0,0,35160207.59405941,27024407.212871287,33369979.202970296,0.0,0.0,0.0,0,0
656,09/17/2024,0,0,0,35160207.59405941,27024407.212871287,33369979.202970296,0.0,0.0,0.0,0,0
657,09/18/2024,0,0,0,35160207.59405941,27024407.212871287,33369979.202970296,0.0,0.0,0.0,0,0
658,09/19/2024,0,0,0,35160207.59405941,27024407.212871287,33369979.202970296,0.0,0.0,0.0,0,0
659,09/20/2024,0,0,0,35160207.59405941,27024407.212871287,33369979.202970296,0.0,0.0,0.0,0,0
660,09/21/2024,0,0,0,35160207.59405941,27024407.212871287,33369979.202970296,0.0,0.0,0.0,0,0
661,09/22/2024,0,0,0,35160207.59405941,27024407.212871287,33369979.202970296,0.0,0.0,0.0,0,0
662,09/23/2024,0,0,0,35160207.59405941,27024407.212871287,33369979.202970296,0.0,0.0,0.0,0,0
663,09/24/2024,0,0,0,35160207.59405941,27024407.212871287,33369979.202970296,0.0,0.0,0.0,0,0
664,09/25/2024,0,0,0,35160207.59405941,27024407.212871287,33369979.202970296,0.0,0.0,0.0,0,0
665,09/26/2024,0,0,0,35160207.59405941,27024407.212871287,33369979.202970296,0.0,0.0,0.0,0,0
666,09/27/2024,0,0,0,35160207.59405941,27024407.212871287,33369979.202970296,0.0,0.0,0.0,0,0
667,09/28/2024,0,0,0,35160207.59405941,27024407.212871287,33369979.202970296,0.0,0.0,0.0,0,0
668,09/29/2024,0,0,0,35160207.59405941,27024407.212871287,33369979.202970296,0.0,0.0,0.0,0,0
669,09/30/2024,0,0,0,35160207.59405941,27024407.212871287,33369979.202970296,0.0,0.0,0.0,0,0
670,10/01/2024,0,0,0,35160207.59405941,27024407.212871287,33369979.202970296,0.0,0.0,0.0,0,0
671,10/02/2024,0,0,0,35160207.59405941,27024407.212871287,33369979.202970296,0.0,0.0,0.0,0,0
672,10/03/2024,0,0,0,35160207.59405941,27024407.212871287,33369979.202970296,0.0,0.0,0.0,0,0
673,10/04/2024,0,0,0,35160207.59405941,27024407.212871287,33369979.202970296,0.0,0.0,0.0,0,0
674,10/05/2024,0,0,0,35160207.59405941,27024407.212871287,33369979.202970296,0.0,0.0,0.0,0,0
675,10/06/2024,0,0,0,35160207.59405941,27024407.212871287,33369979.202970296,0.0,0.0,0.0,0,0
676,10/07/2024,0,0,0,35160207.59405941,27024407.212871287,33369979.202970296,0.0,0.0,0.0,0,0
677,10/08/2024,0,0,0,35160207.59405941,27024407.212871287,33369979.202970296,0.0,0.0,0.0,0,0
678,10/09/2024,0,0,0,35160207.59405941,27024407.212871287,33369979.202970296,0.0,0.0,0.0,0,0
679,10/10/2024,0,0,0,35160207.59405941,27024407.212871287,33369979.202970296,0.0,0.0,0.0,0,0
680,10/11/2024,0,0,0,35160207.59405941,27024407.212871287,33369979.202970296,0.0,0.0,0.0,0,0
681,10/12/2024,0,0,0,35160207.59405941,27024407.212871287,33369979.202970296,0.0,0.0,0.0,0,0
682,10/13/2024,0,0,0,35160207.59405941,27024407.212871287,33369979.202970296,0.0,0.0,0.0,0,0
683,10/14/2024,0,0,0,35160207.59405941,27024407.212871287,33369979.202970296,0.0,0.0,0.0,0,0
684,10/15/2024,0,0,0,35160207.59405941,27024407.212871287,33369979.202970296,0.0,0.0,0.0,0,0
685,10/16/2024,0,0,0,35160207.59405941,27024407.212871287,33369979.202970296,0.0,0.0,0.0,0,0
686,10/17/2024,0,0,0,35160207.59405941,27024407.212871287,33369979.202970296,0.0,0.0,0.0,0,0
687,10/18/2024,0,0,0,35160207.59405941,27024407.212871287,33369979.202970296,0.0,0.0,0.0,0,0
688,10/19/2024,0,0,0,35160207.59405941,27024407.212871287,33369979.202970296,0.0,0.0,0.0,0,0
689,10/20/2024,0,0,0,35160207.59405941,27024407.212871287,33369979.202970296,0.0,0.0,0.0,0,0
690,10/21/2024,0,0,0,35160207.59405941,27024407.212871287,33369979.202970296,0.0,0.0,0.0,0,0
691,10/22/2024,0,0,0,35160207.59405941,27024407.212871287,33369979.202970296,0.0,0.0,0.0,0,0
692,10/23/2024,0,0,0,35160207.59405941,27024407.212871287,33369979.202970296,0.0,0.0,0.0,0,0
693,10/24/2024,0,0,0,35160207.59405941,27024407.212871287,33369979.202970296,0.0,0.0,0.0,0,0
694,10/25/2024,0,0,0,35160207.59405941,27024407.212871287,33369979.202970296,0.0,0.0,0.0,0,0
695,10/26/2024,0,0,0,35160207.59405941,27024407.212871287,33369979.202970296,0.0,0.0,0.0,0,0
696,10/27/2024,0,0,0,35160207.59405941,27024407.212871287,33369979.202970296,0.0,0.0,0.0,0,0
697,10/28/2024,0,0,0,35160207.59405941,27024407.212871287,33369979.202970296,0.0,0.0,0.0,0,0
698,10/29/2024,0,0,0,35160207.59405941,27024407.212871287,33369979.202970296,0.0,0.0,0.0,0,0
699,10/30/2024,0,0,0,35160207.59405941,27024407.212871287,33369979.202970296,0.0,0.0,0.0,0,0
700,10/31/2024,0,0,0,35160207.59405941,27024407.212871287,33369979.202970296,0.0,0.0,0.0,0,0
701,11/01/2024,0,0,0,35160207.59405941,27024407.212871287,33369979.202970296,0.0,0.0,0.0,0,0
702,11/02/2024,0,0,0,35160207.59405941,27024407.212871287,33369979.202970296,0.0,0.0,0.0,0,0
703,11/03/2024,0,0,0,35160207.59405941,27024407.212871287,33369979.202970296,0.0,0.0,0.0,0,0
704,11/04/2024,0,0,0,35160207.59405941,27024407.212871287,33369979.202970296,0.0,0.0,0.0,0,0
705,11/05/2024,0,0,0,35160207.59405941,27024407.212871287,33369979.202970296,0.0,0.0,0.0,0,0
706,11/06/2024,0,0,0,35160207.59405941,27024407.212871287,33369979.202970296,0.0,0.0,0.0,0,0
707,11/07/2024,0,0,0,35160207.59405941,27024407.212871287,33369979.202970296,0.0,0.0,0.0,0,0
708,11/08/2024,0,0,0,35160207.59405941,27024407.212871287,33369979.202970296,0.0,0.0,0.0,0,0
709,11/09/2024,0,0,0,35160207.59405941,27024407.212871287,33369979.202970296,0.0,0.0,0.0,0,0
710,11/10/2024,0,0,0,35160207.59405941,27024407.212871287,33369979.202970296,0.0,0.0,0.0,0,0
711,11/11/2024,0,0,0,35160207.59405941,27024407.212871287,33369979.202970296,0.0,0.0,0.0,0,0
712,11/12/2024,0,0,0,35160207.59405941,27024407.212871287,33369979.202970296,0.0,0.0,0.0,0,0
713,11/13/2024,0,0,0,35160207.59405941,27024407.212871287,33369979.202970296,0.0,0.0,0.0,0,0
714,11/14/2024,0,0,0,35160207.59405941,27024407.212871287,33369979.202970296,0.0,0.0,0.0,0,0
715,11/15/2024,0,0,0,35160207.59405941,27024407.212871287,33369979.202970296,0.0,0.0,0.0,0,0
716,11/16/2024,0,0,0,35160207.59405941,27024407.212871287,33369979.202970296,0.0,0.0,0.0,0,0
717,11/17/2024,0,0,0,35160207.59405941,27024407.212871287,33369979.202970296,0.0,0.0,0.0,0,0
718,11/18/2024,0,0,0,35160207.59405941,27024407.212871287,33369979.202970296,0.0,0.0,0.0,0,0
719,11/19/2024,0,0,0,35160207.59405941,27024407.212871287,33369979.202970296,0.0,0.0,0.0,0,0
720,11/20/2024,0,0,0,35160207.59405941,27024407.212871287,33369979.202970296,0.0,0.0,0.0,0,0
721,11/21/2024,0,0,0,35160207.59405941,27024407.212871287,33369979.202970296,0.0,0.0,0.0,0,0
722,11/22/2024,0,0,0,35160207.59405941,27024407.212871287,33369979.202970296,0.0,0.0,0.0,0,0
723,11/23/2024,0,0,0,35160207.59405941,27024407.212871287,33369979.202970296,0.0,0.0,0.0,0,0
724,11/24/2024,0,0,0,35160207.59405941,27024407.212871287,33369979.202970296,0.0,0.0,0.0,0,0
725,11/25/2024,0,0,0,35160207.59405941,27024407.212871287,33369979.202970296,0.0,0.0,0.0,0,0
726,11/26/2024,0,0,0,35160207.59405941,27024407.212871287,33369979.202970296,0.0,0.0,0.0,0,0
727,11/27/2024,0,0,0,35160207.59405941,27024407.212871287,33369979.202970296,0.0,0.0,0.0,0,0
728,11/28/2024,0,0,0,35160207.59405941,27024407.212871287,33369979.202970296,0.0,0.0,0.0,0,0
729,11/29/2024,0,0,0,35160207.59405941,27024407.212871287,33369979.202970296,0.0,0.0,0.0,0,0
730,11/30/2024,0,0,0,35160207.59405941,27024407.212871287,33369979.202970296,0.0,0.0,0.0,0,0
731,12/01/2024,0,0,0,35160207.59405941,27024407.212871287,33369979.202970296,0.0,0.0,0.0,0,0
732,12/02/2024,0,0,0,35160207.59405941,27024407.212871287,33369979.202970296,0.0,0.0,0.0,0,0
733,12/03/2024,0,0,0,35160207.59405941,27024407.212871287,33369979.202970296,0.0,0.0,0.0,0,0
734,12/04/2024,0,0,0,35160207.59405941,27024407.212871287,33369979.202970296,0.0,0.0,0.0,0,0
735,12/05/2024,0,0,0,35160207.59405941,27024407.212871287,33369979.202970296,0.0,0.0,0.0,0,0
736,12/06/2024,0,0,0,35160207.59405941,27024407.212871287,33369979.202970296,0.0,0.0,0.0,0,0
737,12/07/2024,0,0,0,35160207.59405941,27024407.212871287,33369979.202970296,0.0,0.0,0.0,0,0
738,12/08/2024,0,0,0,35160207.59405941,27024407.212871287,33369979.202970296,0.0,0.0,0.0,0,0
739,12/09/2024,0,0,0,35160207.59405941,27024407.212871287,33369979.202970296,0.0,0.0,0.0,0,0
740,12/10/2024,0,0,0,35160207.59405941,27024407.212871287,33369979.202970296,0.0,0.0,0.0,0,0
741,12/11/2024,0,0,0,35160207.59405941,27024407.212871287,33369979.202970296,0.0,0.0,0.0,0,0
742,12/12/2024,0,0,0,35160207.59405941,27024407.212871287,33369979.202970296,0.0,0.0,0.0,0,0
743,12/13/2024,0,0,0,35160207.59405941,27024407.212871287,33369979.202970296,0.0,0.0,0.0,0,0
744,12/14/2024,0,0,0,35160207.59405941,27024407.212871287,33369979.202970296,0.0,0.0,0.0,0,0
745,12/15/2024,0,0,0,35160207.59405941,27024407.212871287,33369979.202970296,0.0,0.0,0.0,0,0
746,12/16/2024,0,0,0,35160207.59405941,27024407.212871287,33369979.202970296,0.0,0.0,0.0,0,0
747,12/17/2024,0,0,0,35160207.59405941,27024407.212871287,33369979.202970296,0.0,0.0,0.0,0,0
748,12/18/2024,0,0,0,35160207.59405941,27024407.212871287,33369979.202970296,0.0,0.0,0.0,0,0
749,12/19/2024,0,0,0,35160207.59405941,27024407.212871287,33369979.202970296,0.0,0.0,0.0,0,0
750,12/20/2024,0,0,0,35160207.59405941,27024407.212871287,33369979.202970296,0.0,0.0,0.0,0,0
751,12/21/2024,0,0,0,35160207.59405941,27024407.212871287,33369979.202970296,0.0,0.0,0.0,0,0
752,12/22/2024,0,0,0,35160207.59405941,27024407.212871287,33369979.202970296,0.0,0.0,0.0,0,0
753,12/23/2024,0,0,0,35160207.59405941,27024407.212871287,33369979.202970296,0.0,0.0,0.0,0,0
754,12/24/2024,0,0,0,35160207.59405941,27024407.212871287,33369979.202970296,0.0,0.0,0.0,0,0
755,12/25/2024,0,0,0,35160207.59405941,27024407.212871287,33369979.202970296,0.0,0.0,0.0,0,0
756,12/26/2024,0,0,0,35160207.59405941,27024407.212871287,33369979.202970296,0.0,0.0,0.0,0,0
757,12/27/2024,0,0,0,35160207.59405941,27024407.212871287,33369979.202970296,0.0,0.0,0.0,0,0
758,12/28/2024,0,0,0,35160207.59405941,27024407.212871287,33369979.202970296,0.0,0.0,0.0,0,0
759,12/29/2024,0,0,0,35160207.59405941,27024407.212871287,33369979.202970296,0.0,0.0,0.0,0,0
760,12/30/2024,0,0,0,35160207.59405941,27024407.212871287,33369979.202970296,0.0,0.0,0.0,0,0
761,12/31/2024,0,0,0,35160207.59405941,27024407.212871287,33369979.202970296,0.0,0.0,0.0,0,0
762,01/01/2025,0,0,0,35160207.59405941,27024407.212871287,33369979.202970296,0.0,0.0,0.0,0,0
763,01/02/2025,0,0,0,35160207.59405941,27024407.212871287,33369979.202970296,0.0,0.0,0.0,0,0
764,01/03/2025,0,0,0,35160207.59405941,27024407.212871287,33369979.202970296,0.0,0.0,0.0,0,0
765,01/04/2025,0,0,0,35160207.59405941,27024407.212871287,33369979.202970296,0.0,0.0,0.0,0,0
766,01/05/2025,0,0,0,35160207.59405941,27024407.212871287,33369979.202970296,0.0,0.0,0.0,0,0
767,01/06/2025,0,0,0,35160207.59405941,27024407.212871287,33369979.202970296,0.0,0.0,0.0,0,0
768,01/07/2025,0,0,0,35160207.59405941,27024407.212871287,33369979.202970296,0.0,0.0,0.0,0,0
769,01/08/2025,0,0,0,35160207.59405941,27024407.212871287,33369979.202970296,0.0,0.0,0.0,0,0
770,01/09/2025,0,0,0,35160207.59405941,27024407.212871287,33369979.202970296,0.0,0.0,0.0,0,0
771,01/10/2025,0,0,0,35160207.59405941,27024407.212871287,33369979.202970296,0.0,0.0,0.0,0,0
772,01/11/2025,0,0,0,35160207.59405941,27024407.212871287,33369979.202970296,0.0,0.0,0.0,0,0
773,01/12/2025,0,0,0,35160207.59405941,27024407.212871287,33369979.202970296,0.0,0.0,0.0,0,0
774,01/13/2025,0,0,0,35160207.59405941,27024407.212871287,33369979.202970296,0.0,0.0,0.0,0,0
775,01/14/2025,0,0,0,35160207.59405941,27024407.212871287,33369979.202970296,0.0,0.0,0.0,0,0
776,01/15/2025,0,0,0,35160207.59405941,27024407.212871287,33369979.202970296,0.0,0.0,0.0,0,0
777,01/16/2025,0,0,0,35160207.59405941,27024407.212871287,33369979.202970296,0.0,0.0,0.0,0,0
778,01/17/2025,0,0,0,35160207.59405941,27024407.212871287,33369979.202970296,0.0,0.0,0.0,0,0
779,01/18/2025,0,0,0,35160207.59405941,27024407.212871287,33369979.202970296,0.0,0.0,0.0,0,0
780,01/19/2025,0,0,0,35160207.59405941,27024407.212871287,33369979.202970296,0.0,0.0,0.0,0,0
781,01/20/2025,0,0,0,35160207.59405941,27024407.212871287,33369979.202970296,0.0,0.0,0.0,0,0
782,01/21/2025,0,0,0,35160207.59405941,27024407.212871287,33369979.202970296,0.0,0.0,0.0,0,0
783,01/22/2025,0,0,0,35160207.59405941,27024407.212871287,33369979.202970296,0.0,0.0,0.0,0,0
784,01/23/2025,0,0,0,35160207.59405941,27024407.212871287,33369979.202970296,0.0,0.0,0.0,0,0
785,01/24/2025,0,0,0,35160207.59405941,27024407.212871287,33369979.202970296,0.0,0.0,0.0,0,0
786,01/25/2025,0,0,0,35160207.59405941,27024407.212871287,33369979.202970296,0.0,0.0,0.0,0,0
787,01/26/2025,0,0,0,35160207.59405941,27024407.212871287,33369979.202970296,0.0,0.0,0.0,0,0
788,01/27/2025,0,0,0,35160207.59405941,27024407.212871287,33369979.202970296,0.0,0.0,0.0,0,0
789,01/28/2025,0,0,0,35160207.59405941,27024407.212871287,33369979.202970296,0.0,0.0,0.0,0,0
790,01/29/2025,0,0,0,35160207.59405941,27024407.212871287,33369979.202970296,0.0,0.0,0.0,0,0
791,01/30/2025,0,0,0,35160207.59405941,27024407.212871287,33369979.202970296,0.0,0.0,0.0,0,0
792,01/31/2025,0,0,0,35160207.59405941,27024407.212871287,33369979.202970296,0.0,0.0,0.0,0,0
793,02/01/2025,0,0,0,35160207.59405941,27024407.212871287,33369979.202970296,0.0,0.0,0.0,0,0
794,02/02/2025,0,0,0,35160207.59405941,27024407.212871287,33369979.202970296,0.0,0.0,0.0,0,0
795,02/03/2025,0,0,0,35160207.59405941,27024407.212871287,33369979.202970296,0.0,0.0,0.0,0,0
796,02/04/2025,0,0,0,35160207.59405941,27024407.212871287,33369979.202970296,0.0,0.0,0.0,0,0
797,02/05/2025,0,0,0,35160207.59405941,27024407.212871287,33369979.202970296,0.0,0.0,0.0,0,0
798,02/06/2025,0,0,0,35160207.59405941,27024407.212871287,33369979.202970296,0.0,0.0,0.0,0,0
799,02/07/2025,0,0,0,35160207.59405941,27024407.212871287,33369979.202970296,0.0,0.0,0.0,0,0
800,02/08/2025,0,0,0,35160207.59405941,27024407.212871287,33369979.202970296,0.0,0.0,0.0,0,0
801,02/09/2025,0,0,0,35160207.59405941,27024407.212871287,33369979.202970296,0.0,0.0,0.0,0,0
802,02/10/2025,0,0,0,35160207.59405941,27024407.212871287,33369979.202970296,0.0,0.0,0.0,0,0
803,02/11/2025,0,0,0,35160207.59405941,27024407.212871287,33369979.202970296,0.0,0.0,0.0,0,0
804,02/12/2025,0,0,0,35160207.59405941,27024407.212871287,33369979.202970296,0.0,0.0,0.0,0,0
805,02/13/2025,0,0,0,35160207.59405941,27024407.212871287,33369979.202970296,0.0,0.0,0.0,0,0
806,02/14/2025,0,0,0,35160207.59405941,27024407.212871287,33369979.202970296,0.0,0.0,0.0,0,0
807,02/15/2025,0,0,0,35160207.59405941,27024407.212871287,33369979.202970296,0.0,0.0,0.0,0,0
808,02/16/2025,0,0,0,35160207.59405941,27024407.212871287,33369979.202970296,0.0,0.0,0.0,0,0
809,02/17/2025,0,0,0,35160207.59405941,27024407.212871287,33369979.202970296,0.0,0.0,0.0,0,0
810,02/18/2025,0,0,0,35160207.59405941,27024407.212871287,33369979.202970296,0.0,0.0,0.0,0,0
811,02/19/2025,0,0,0,35160207.59405941,27024407.212871287,33369979.202970296,0.0,0.0,0.0,0,0
812,02/20/2025,0,0,0,35160207.59405941,27024407.212871287,33369979.202970296,0.0,0.0,0.0,0,0
813,02/21/2025,0,0,0,35160207.59405941,27024407.212871287,33369979.202970296,0.0,0.0,0.0,0,0
814,02/22/2025,0,0,0,35160207.59405941,27024407.212871287,33369979.202970296,0.0,0.0,0.0,0,0
815,02/23/2025,0,0,0,35160207.59405941,27024407.212871287,33369979.202970296,0.0,0.0,0.0,0,0
816,02/24/2025,0,0,0,35160207.59405941,27024407.212871287,33369979.202970296,0.0,0.0,0.0,0,0
817,02/25/2025,0,0,0,35160207.59405941,27024407.212871287,33369979.202970296,0.0,0.0,0.0,0,0
818,02/26/2025,0,0,0,35160207.59405941,27024407.212871287,33369979.202970296,0.0,0.0,0.0,0,0
819,02/27/2025,0,0,0,35160207.59405941,27024407.212871287,33369979.202970296,0.0,0.0,0.0,0,0
820,02/28/2025,0,0,0,35160207.59405941,27024407.212871287,33369979.202970296,0.0,0.0,0.0,0,0
821,03/01/2025,0,0,0,35160207.59405941,27024407.212871287,33369979.202970296,0.0,0.0,0.0,0,0
822,03/02/2025,0,0,0,35160207.59405941,27024407.212871287,33369979.202970296,0.0,0.0,0.0,0,0
823,03/03/2025,0,0,0,35160207.59405941,27024407.212871287,33369979.202970296,0.0,0.0,0.0,0,0
824,03/04/2025,0,0,0,35160207.59405941,27024407.212871287,33369979.202970296,0.0,0.0,0.0,0,0
825,03/05/2025,0,0,0,35160207.59405941,27024407.212871287,33369979.202970296,0.0,0.0,0.0,0,0
826,03/06/2025,0,0,0,35160207.59405941,27024407.212871287,33369979.202970296,0.0,0.0,0.0,0,0
827,03/07/2025,0,0,0,35160207.59405941,27024407.212871287,33369979.202970296,0.0,0.0,0.0,0,0
828,03/08/2025,0,0,0,35160207.59405941,27024407.212871287,33369979.202970296,0.0,0.0,0.0,0,0
829,03/09/2025,0,0,0,35160207.59405941,27024407.212871287,33369979.202970296,0.0,0.0,0.0,0,0
830,03/10/2025,0,0,0,35160207.59405941,27024407.212871287,33369979.202970296,0.0,0.0,0.0,0,0
831,03/11/2025,0,0,0,35160207.59405941,27024407.212871287,33369979.202970296,0.0,0.0,0.0,0,0
832,03/12/2025,0,0,0,35160207.59405941,27024407.212871287,33369979.202970296,0.0,0.0,0.0,0,0
833,03/13/2025,0,0,0,35160207.59405941,27024407.212871287,33369979.202970296,0.0,0.0,0.0,0,0
834,03/14/2025,0,0,0,35160207.59405941,27024407.212871287,33369979.202970296,0.0,0.0,0.0,0,0
835,03/15/2025,0,0,0,35160207.59405941,27024407.212871287,33369979.202970296,0.0,0.0,0.0,0,0
836,03/16/2025,0,0,0,35160207.59405941,27024407.212871287,33369979.202970296,0.0,0.0,0.0,0,0
837,03/17/2025,0,0,0,35160207.59405941,27024407.212871287,33369979.202970296,0.0,0.0,0.0,0,0
838,03/18/2025,0,0,0,35160207.59405941,27024407.212871287,33369979.202970296,0.0,0.0,0.0,0,0
839,03/19/2025,0,0,0,35160207.59405941,27024407.212871287,33369979.202970296,0.0,0.0,0.0,0,0
840,03/20/2025,0,0,0,35160207.59405941,27024407.212871287,33369979.202970296,0.0,0.0,0.0,0,0
841,03/21/2025,0,0,0,35160207.59405941,27024407.212871287,33369979.202970296,0.0,0.0,0.0,0,0
842,03/22/2025,0,0,0,35160207.59405941,27024407.212871287,33369979.202970296,0.0,0.0,0.0,0,0
843,03/23/2025,0,0,0,35160207.59405941,27024407.212871287,33369979.202970296,0.0,0.0,0.0,0,0
844,03/24/2025,0,0,0,35160207.59405941,27024407.212871287,33369979.202970296,0.0,0.0,0.0,0,0
845,03/25/2025,0,0,0,35160207.59405941,27024407.212871287,33369979.202970296,0.0,0.0,0.0,0,0
846,03/26/2025,0,0,0,35160207.59405941,27024407.212871287,33369979.202970296,0.0,0.0,0.0,0,0
847,03/27/2025,0,0,0,35160207.59405941,27024407.212871287,33369979.202970296,0.0,0.0,0.0,0,0
848,03/28/2025,0,0,0,35160207.59405941,27024407.212871287,33369979.202970296,0.0,0.0,0.0,0,0
849,03/29/2025,0,0,0,35160207.59405941,27024407.212871287,33369979.202970296,0.0,0.0,0.0,0,0
850,03/30/2025,0,0,0,35160207.59405941,27024407.212871287,33369979.202970296,0.0,0.0,0.0,0,0
851,03/31/2025,0,0,0,35160207.59405941,27024407.212871287,33369979.202970296,0.0,0.0,0.0,0,0
852,04/01/2025,0,0,0,35160207.59405941,27024407.212871287,33369979.202970296,0.0,0.0,0.0,0,0
853,04/02/2025,0,0,0,35160207.59405941,27024407.212871287,33369979.202970296,0.0,0.0,0.0,0,0
854,04/03/2025,0,0,0,35160207.59405941,27024407.212871287,33369979.202970296,0.0,0.0,0.0,0,0
855,04/04/2025,0,0,0,35160207.59405941,27024407.212871287,33369979.202970296,0.0,0.0,0.0,0,0
856,04/05/2025,0,0,0,35160207.59405941,27024407.212871287,33369979.202970296,0.0,0.0,0.0,0,0
857,04/06/2025,0,0,0,35160207.59405941,27024407.212871287,33369979.202970296,0.0,0.0,0.0,0,0
858,04/07/2025,0,0,0,35160207.59405941,27024407.212871287,33369979.202970296,0.0,0.0,0.0,0,0
859,04/08/2025,0,0,0,35160207.59405941,27024407.212871287,33369979.202970296,0.0,0.0,0.0,0,0
860,04/09/2025,0,0,0,35160207.59405941,27024407.212871287,33369979.202970296,0.0,0.0,0.0,0,0
861,04/10/2025,0,0,0,35160207.59405941,27024407.212871287,33369979.202970296,0.0,0.0,0.0,0,0
862,04/11/2025,0,0,0,35160207.59405941,27024407.212871287,33369979.202970296,0.0,0.0,0.0,0,0
863,04/12/2025,0,0,0,35160207.59405941,27024407.212871287,33369979.202970296,0.0,0.0,0.0,0,0
864,04/13/2025,0,0,0,35160207.59405941,27024407.212871287,33369979.202970296,0.0,0.0,0.0,0,0
865,04/14/2025,0,0,0,35160207.59405941,27024407.212871287,33369979.202970296,0.0,0.0,0.0,0,0
866,04/15/2025,0,0,0,35160207.59405941,27024407.212871287,33369979.202970296,0.0,0.0,0.0,0,0
867,04/16/2025,0,0,0,35160207.59405941,27024407.212871287,33369979.202970296,0.0,0.0,0.0,0,0
868,04/17/2025,0,0,0,35160207.59405941,27024407.212871287,33369979.202970296,0.0,0.0,0.0,0,0
869,04/18/2025,0,0,0,35160207.59405941,27024407.212871287,33369979.202970296,0.0,0.0,0.0,0,0
870,04/19/2025,0,0,0,35160207.59405941,27024407.212871287,33369979.202970296,0.0,0.0,0.0,0,0
